brand;description;final_price;original_price;discount;regular_price;sku
PLAYADITO;Yerba Mate Playadito Suave X1kg;$3.411;;;Precio regular: $3.411 x kg;315800
OREO;Galletitas Dulces Rellenas Con Crema Oreo 354g;$1.215;;;Precio regular: $3.432,2 x kg;387749
NATURA;Aceite De Girasol Natura 1.5 L;$2.276;;;Precio regular: $1.517,33 x lt;247337
PEPITOS;Galletitas Dulces Con Chips De Chocolate Pepitos 357g;$1.132,2;$1.887;-40%;Precio regular: $5.391,43 x kg;387752
LA CAMPAGNOLA;Atun La Campagnola Al Natural X170g;$2.490;;;Precio regular: $14.647,06 x kg;348071
LEDESMA;Azúcar Ledesma Molida Clasico 1 Kg;$1.295;;;Precio regular: $1.295 x kg;8777
LA CAMPAGNOLA;Atun La Campagnola En Aceite X170g;$2.490;;;Precio regular: $14.647,06 x kg;348070
ARTESANO;Pan Blanco Bimbo Artesano X 500g;$2.891;;;Precio regular: $5.782 x kg;386145
MAÑANITA;Yerba Mate Mañanita 4flex 1kg;$3.350;;;Precio regular: $3.350 x kg;314524
CUISINE & CO NBE MP;Duraznos En Mitades Cuisine & Co;$710,09;;;Precio regular: $1.464,1 x kg;306824
CUISINE & CO NBE MP;Azucar Cuisine & Co 1kg;$1.063,07;;;Precio regular: $1.063,07 x kg;336700
LA MERCED;Yerba Mate La Merced Campo O.c 500g;$1.803,9;$2.577;-30%;Precio regular: $5.154 x kg;318735
LEDESMA;Azúcar Ledesma Molida 1 Kg;$1.184,18;;;Precio regular: $1.184,18 x kg;238711
CUISINE & CO NBE MP;Señor Pure De Tomate Cuisine & Co 520 Gr;$609,4;;;Precio regular: $1.171,92 x kg;307203
RUMBA;Galletitas Rumba 324g;$1.190;;;Precio regular: $3.718,75 x kg;359196
TERRABUSI;Alfajor Terrabusi Chocolate Clásico 6ux50g;$2.215;;;Precio regular: $7.383,33 x kg;42770
CUISINE & CO NBE MP;Palmitos Trozos Cuisine & Co;$2.381;;;Precio regular: $10.822,73 x kg;308403
CHANGO;Azúcar Chango Refinado Premium 1 Kg.;$1.165,6;;;Precio regular: $1.165,6 x kg;22495
OREO;Galletitas Dulces Rellenas Con Crema Oreo 118g;Llevando 2: $NaN c/u;;;Precio regular: $5.949,15 x kg;387750
PUREZA;Aceite Girasol Pureza 1,5 L;$2.209;;;Precio regular: $1.472,67 x lt;311818
Molinos Ala;Arroz Molinos Ala Parboil Gs X1kg;$2.050;;;Precio regular: $2.050 x kg;403561
DIVERSION;Galletitas Surtido Diversion X398g;$907;;;Precio regular: $2.325,64 x kg;352748
CHOCOLINAS;Galletitas Chocolinas X262g;Llevando 2: $NaN c/u;;;Precio regular: $2.961,54 x kg;382866
COCINERO;Aceite De Girasol Cocinero 900 Ml;$1.400;;;Precio regular: $1.555,56 x lt;31877
UNION;Yerba Mate Unión 4flex 1kg;$3.150;;;Precio regular: $3.150 x kg;330204
MELBA;Galletitas Dulces Rellenas Melba 360g;$1.201;;;Precio regular: $3.336,11 x kg;826
CUISINE & CO NBE MP;Palmitos Entero 800 Gr Cuisine & Co;$6.487;;;Precio regular: $12.974 x kg;308362
HELLMANN´S;Mayonesa Hellmann's Clasica Doypack 950 G;$1.569;;;Precio regular: $1.651,58 x kg;344530
NESQUIK;Nesquik® Original Polvo Chocolatado X 360gr;$1.189,29;$1.829,67;-35%;Precio regular: $5.082,42 x kg;392421
PLAYADITO;Yerba Mate Playadito Suave X500gr;$1.011,5;$1.445;-30%;Precio regular: $2.890 x kg;315804
CUISINE & CO NBE MP;Vainillas Cuisine&co X 36 U;$2.650;;;Precio regular: $5.968,47 x kg;315579
LUCHETTI;Fideos Lucchetti Tallarín N5 X500g;$905;;;Precio regular: $1.810 x kg;403669
NESCAFE;Café Nescafe Gold En Granos X100g;$4.851,79;;;Precio regular: $48.517,9 x kg;406477
CUISINE & CO NBE MP;Arvejas Cuisine & Co 300gr;$600;;;Precio regular: $2.926,83 x kg;343447
LA CAMPAGNOLA;Puré De Tomate La Campagnola 520 Gr;$455;;;Precio regular: $875 x kg;2953
OREO;Galletitas Oreo Mini X50g;$208,8;$348;-40%;Precio regular: $696 x 100 gr.;395234
NUCETE;Aceite De Oliva Nucete Extra Virgen X2000ml;$23.686,88;;;Precio regular: $11.843,44 x lt;342120
PEPITOS;Galletitas Dulces Con Chips De Chocolate Pepitos 119g;$431,4;$719;-40%;Precio regular: $5.991,67 x kg;387757
DOS HERMANOS;Arroz Dos Hermanos Pairboil 1 Kg;$1.610,11;;;Precio regular: $1.610,11 x kg;330162
LA MERCED;Yerba Mate La Merced Campo Sur O.c 500g;$1.803,9;$2.577;-30%;Precio regular: $5.154 x kg;318737
BIMBO;Pan Blanco Bimbo X 550g;$2.584;;;Precio regular: $4.698,18 x kg;391387
TODDY;Galletitas Toddy Chips De Chocolate 126 Gr;Llevando 2: $NaN c/u;;;Precio regular: $6.902,54 x kg;281647
NATURA;Aderezo Mayonesa Natura 475 Gr;$951;;;Precio regular: $1.981,25 x kg;8823
CEREALITAS;Galletitas Cracker Cereal Cerealitas Clásicas X3uni 636g;$1.605;;;Precio regular: $2.675 x kg;392860
CUISINE & CO NBE MP;Fideos Spaguetti C&c 500gr;$1.100;;;Precio regular: $2.200 x kg;338136
CUISINE & CO NBE MP;Fideos Tirabuzon C&c 500gr;$1.100;;;Precio regular: $2.200 x kg;338141
CBSE;Yerba Mate Cbse Hierbas Serranas X1kg;Llevando 2: $NaN c/u;;;Precio regular: $2.914 x kg;331005
CHEF;Puré Chef X 100gr;$592;;;Precio regular: $5.920 x kg;384398
TARAGUI;Yerba Mate Taragui 4flex 1kg;$3.150;;;Precio regular: $3.150 x kg;314521
NESCAFE;Nescafé® Tradición X 170gr;$3.111;;;Precio regular: $18.300 x kg;45373
MANA;Galletitas Mana Vainilla 408g;$989;;;Precio regular: $2.472,5 x kg;359215
HELLMANN´S;Mayonesa Hellmanns Liviana 475g;$874;;;Precio regular: $1.840 x kg;386229
ARCOR;Surtido Arcor El Kiosco 246g;$3.760;;;Precio regular: $15.284,55 x kg;330362
LA CAMPAGNOLA;Lomo De Atún Libre De Gluten La Campagnola 300 Gr;$3.900;;;Precio regular: $13.000 x kg;390391
CACHAFAZ;Alfajores Mixtos Cachafaz 12 U;$12.230;;;Precio regular: $16.986,11 x kg;31588
CHOCOLINAS;Galletitas Chocolinas X150g;Llevando 2: $NaN c/u;;;Precio regular: $4.064,94 x kg;382863
SONRISAS;Galletitas Sonrisas Frambuesa X324g;$1.086;;;Precio regular: $3.351,85 x kg;330051
LAY´S;Papas Fritas Lays Clasicas X85g;$1.588;;;Precio regular: $19.850 x kg;395377
BIMBO;Pan Para Hamburguesa Con Sésamo Bimbo X 4u;$1.185;;;Precio regular: $5.642,86 x kg;387643
CUISINE & CO NBE MP;Galletitas Con Chips De Chocolate 172gr C&co;$1.250;;;Precio regular: $7.267,44 x kg;306198
MATARAZZO;Fideos Matarazzo Tirabuzón N34 X500g;$1.292;;;Precio regular: $2.584 x kg;403654
VARIEDAD;Galletitas Dulces Variedad De Terrabusi Nuevo Mix 390g;$1.227;;;Precio regular: $3.146,15 x kg;386186
AGUILA;Chocolate Aguila Para Taza 150 Gr;$1.908,4;;;Precio regular: $12.722,67 x kg;9598
MILKA;Alfajor Triple Oreo 56g;$419,06;;;Precio regular: $7.483,21 x kg;330886
ARCOR;Turrón De Maní Arcor 25 Gr;$177;;;Precio regular: $708 x 100 gr.;46034
HELLMANN´S;Mayonesa Hellmanns Clasica X475g.;$580;;;Precio regular: $1.221,05 x kg;344528
CUISINE & CO NBE MP;Fideos Coditos C&c 500gr;$1.100;;;Precio regular: $2.200 x kg;336948
LA MERCED;Yerba Mate La Merced Barcbacua O.c 500g;$1.803,9;$2.577;-30%;Precio regular: $5.154 x kg;318742
AZUCEL;Azúcar Azucel Común Tipo A - 1 Kg;$990;;;Precio regular: $990 x kg;251559
NUCETE;Aceite De Oliva Nucete Clásico 500 Ml;$8.301,4;;;Precio regular: $16.602,8 x lt;246123
LUCHETTI;Fideos Lucchetti Tirabuzón N34 X500g;$905;;;Precio regular: $1.810 x kg;403667
MAGGI;Maggi® Puré Original X 200gr;$792,2;;;Precio regular: $3.961 x kg;384402
CUISINE & CO NBE MP;Palmitos Trozos 800 Gr Cuisine & Co;$4.450;;;Precio regular: $8.900 x kg;308361
SALSATI;Puré De Tomate Salsati 520 Gr;$413;;;Precio regular: $794,23 x kg;5793
ARCOR;Pure De Tomate Arcor X530g;$447;;;Precio regular: $843,4 x kg;352094
Kit Kat;Oblea Kitkat® Leche 4 Fingers X 41,5gr;$448,39;;;Precio regular: $1.080,46 x 100 gr.;238230
MANTECOL;Postre Mantecol 111g;$1.109;;;Precio regular: $9.990,99 x kg;330887
BIMBO;Pan De Hamburguesa Bimbo Artesano | 4u;$1.419;;;Precio regular: $5.912,5 x kg;386146
CASALTA;Vinagres De Alcohol Casalta X1300ml;$1.150;;;Precio regular: $884,62 x lt;42682
CUISINE & CO NBE MP;Don Triturado Cuisine & Co 910 Gr;$1.170;;;Precio regular: $1.285,71 x kg;307582
MATARAZZO;Fideos Matarazzo Spaghetti N3 X500g;$1.075;;;Precio regular: $2.150 x kg;407198
LAY´S;Papas Lays Clasicas X40g;Llevando 2: $NaN c/u;;;Precio regular: $2.147,5 x 100 gr.;394951
PUREZA;Aceite Girasol Pureza 0,9 L;$1.430;;;Precio regular: $1.588,89 x lt;311817
PUREZA;Harina Pureza Integral 100% 1 Kg;$599;;;Precio regular: $599 x kg;293243
La Providencia;Galletita Cracker La Providencia Clasica X303g;$800;;;Precio regular: $2.666,67 x kg;294509
LACTAL;Pan Blanco Lactal X 460g;$1.804;;;Precio regular: $3.921,74 x kg;386816
GREEN HILLS;Té Green Hills- 50 Saquitos;$955;;;Precio regular: $9.550 x kg;2772
AMOR;Galletitas Amor 108g;$435;;;Precio regular: $4.350 x kg;359198
LEGITIMO;Aceite Girasol Legitimo X900cc;$990;;;Precio regular: $1.100 x lt;350410
KNORR;Caldo Knorr De Verduras X 12 Cubos;$807;;;Precio regular: $1.614 x 100 gr.;387867
ARTESANO;Pan Integral Bimbo Artesano X 500g;$3.406;;;Precio regular: $6.812 x kg;386148
NATURA;Aderezo Mayonesa Natura 950 Gr;$1.776;;;Precio regular: $1.869,47 x kg;40680
ANILLOS;Galletitas Dulces Anillitos Clásicos De Terrabusi 170g;$566;;;Precio regular: $3.329,41 x kg;330920
CUISINE & CO NBE MP;Vainillas Cuisine&co X 12 U;$850;;;Precio regular: $5.743,24 x kg;315580
HELLMANN´S;Ketchup Hellmanns X250g;Llevando 2: $NaN c/u;;;Precio regular: $3.130,8 x kg;350080
PEPITOS;Galletitas Pepitos Mini X50g;Llevando 2: $NaN c/u;;;Precio regular: $588 x 100 gr.;395243
HELLMANN´S;Mayonesa Hellmanns Liviana 950g;$1.571;;;Precio regular: $1.653,68 x kg;386230
OREO;Galletitas Dulces Rellenas Con Crema Oreo Vainilla 354g;Llevando 2: $NaN c/u;;;Precio regular: $5.457,63 x kg;330858
MEDIA TARDE;Galletitas Mediatarde X315g;$370;;;Precio regular: $1.174,6 x kg;347837
LACTAL;Pan Salvado Lactal X 330g;$1.466;;;Precio regular: $4.442,42 x kg;386817
MOGUL;Gomitas Arcor Mogul Rollo 12 Gr;$299;;;Precio regular: $2.491,67 x 100 gr.;5840
DOS ANCLAS;Sal Fina Dos Anclas 500 Gr;$650;;;Precio regular: $1.300 x kg;40555
NUTELLA;Nutella 350gr;$2.292;;;Precio regular: $6.548,57 x kg;84799
DORITOS;Doritos Queso X77g;$951,6;$1.464;-35%;Precio regular: $18.300 x kg;395376
LA MOLISANA;Pure De Tomate La Molisana Passata X690gr;$4.375;;;Precio regular: $6.340,58 x kg;310599
MAÑANITA;Yerba Mate Mañanita 4flex 1/2kg;$1.750;;;Precio regular: $3.500 x kg;314525
HELLMANN´S;Ketchup Hellmanns Doypack X500g;$640,9;$986;-35%;Precio regular: $1.972 x kg;352159
CEREALITAS;Galletitas Cracker Cereal Cerealitas Clásicas 212g;$624;;;Precio regular: $2.971,43 x kg;392852
SAVORA;Mostaza Savora Original X500gr;$603,85;$929;-35%;Precio regular: $1.858 x kg;383743
LA CAMPAGNOLA;Mermelada La Campagnola Frutilla X390g Bc;$1.570;;;Precio regular: $4.025,64 x kg;340564
CACHAFAZ;Galletitas Cachafaz Granola;$1.666;;;Precio regular: $7.404,44 x kg;28192
OPERA;Galletitas Opera 55 Gr;$232;;;Precio regular: $4.218,18 x kg;39800
VIGENTE;Pure De Tomate Vigente Brick 520 G;$390;;;Precio regular: $750 x kg;214241
PEPITOS;Alfajor Triple Pepitos 57g;$410,27;;;Precio regular: $7.197,72 x kg;16999
FARGO;Pan Integral Grano Entero Fargo X 350g;$2.158;;;Precio regular: $6.165,71 x kg;387670
VOCACION;Galletitas Merengadas Frutilla X88g;$437;;;Precio regular: $5.462,5 x kg;382865
MILKA;Alfajor Triple Milka Mousse 55g;$400,44;;;Precio regular: $7.280,73 x kg;37178
MILKA;Alfajor Simple Milka Mousse 6ux42g;$2.641;;;Precio regular: $6.288,1 x 100 gr.;18003
KINDER;Kinder Bueno;$775;;;Precio regular: $1.802,33 x 100 gr.;10109
CASERITA;Harina Caserita 000 1 Kg;$375;;;Precio regular: $375 x kg;2219
LAY´S;Papas Fritas Lays Queso Y Cebolla X77g;$1.384;;;Precio regular: $17.300 x kg;395395
LA MERCED;Yerba Mate La Merced Campo&monteo.c 500g;$1.803,9;$2.577;-30%;Precio regular: $5.154 x kg;318738
SHOT;Alfajor Shot Triple Relleno De Chocolate Con Maní 60g;$436,78;;;Precio regular: $7.279,67 x kg;12911
DORITOS;Nachos Doritos Sabor Queso X40g;$558,35;$859;-35%;Precio regular: $2.147,5 x 100 gr.;394960
SALADIX;Galletitas Saladix Pizza X 30grs;$186;;;Precio regular: $620 x 100 gr.;3136
RHODESIA;Oblea Rhodesia Clásica 4ux22g;$1.430;;;Precio regular: $16.250 x kg;43295
FRANCE;Pan Dulce France Con Frutas Paquete 400 Grs.;$1.199;;;Precio regular: $2.997,5 x kg;238076
COFLER;Chocolate Cofler Block Con Maní 110 Gr;$1.352;;;Precio regular: $12.290,91 x kg;3020
PRESTOPRONTA;Harina De Maíz Presto Pronta 500 Gr;$566;;;Precio regular: $1.132 x kg;40326
CUISINE & CO NBE MP;Garbanzos Cuisine & Co 300gr;$1.000;;;Precio regular: $4.878,05 x kg;343443
CELUSAL;Sal Fina Celusal 500 Gr;$501;;;Precio regular: $1.002 x kg;40423
SALADIX;Galletitas Saladix Pizza 100 Gr;$599;;;Precio regular: $5.990 x kg;2744
FERRERO;Bombones Ferrero Rocher 3 U;$781;;;Precio regular: $2.055,26 x 100 gr.;17360
MILKA;Bombón De Chocolate Milka Oreo 19g;$119,62;;;Precio regular: $629,58 x 100 gr.;320099
BON O BON;Oblea Bañada Rhodesia 22gr;$379;;;Precio regular: $1.722,73 x 100 gr.;638
HILERET;Endulzante Hileret Light X 500 Gr;$1.638;;;Precio regular: $3.276 x kg;29821
PRINGLES;Papas Pringles Crema Y Cebolla X124g;$1.856,96;;;Precio regular: $15.474,67 x kg;386819
LA ESPAÑOLA GOURMET;Lentejas La Española Gourmet 400 Gr;$470;;;Precio regular: $1.175 x kg;27436
OROWEAT;Pan Con Cereales Oroweat X 600g;$3.796;;;Precio regular: $6.326,67 x kg;381713
PASEO;Galletitas Paseo Cinco Semillas 250gr;$431;;;Precio regular: $1.724 x kg;329412
CUISINE & CO NBE MP;Champignones Laminados Cuisine & Co;$1.861;;;Precio regular: $8.091,3 x kg;309249
CACHAFAZ;Galletitas Integral Cachafaz Avena Con Chips De Chocolate 225 Gr;$1.666;;;Precio regular: $7.404,44 x kg;28193
MILKA;Alfajor Triple Milka Dulce De Leche 70g;$383,01;;;Precio regular: $5.471,57 x kg;3194
SAVORA;Mostaza Savora Original X250gr;Llevando 2: $NaN c/u;;;Precio regular: $2.096 x kg;383749
NUCETE;Aceite De Oliva Nucete Virgen Lata - 500 Ml;$7.945;;;Precio regular: $15.890 x lt;315563
FARGO;Pan Salvado Plus Fargo X 600g;$2.839;;;Precio regular: $4.731,67 x kg;387671
CACHAFAZ;Conito Cachafaz De Chocolote 228 Gr;$5.304;;;Precio regular: $23.263,16 x kg;46463
MATARAZZO;Fideos Matarazzo Penne X500g;$1.110;;;Precio regular: $2.220 x kg;403594
JUMBO MP;Fideos Spaghetti Jumbo 500 Gr;$956;;;Precio regular: $1.912 x kg;14439
VERDEFLOR;Yerba Mate Verdeflor Con Palo Hierbas 500 Gr;$1.713;;;Precio regular: $3.426 x kg;13831
DOS ANCLAS;Sal Fina Dos Anclas X500gr;$650;;;Precio regular: $1.300 x kg;24157
LA CAMPAGNOLA;Mermelada La Campagnola Arandano X390g Bc;$1.555;;;Precio regular: $3.987,18 x kg;340586
TARAGUI;Mate Cocido Taragui X 150 Gr;$1.265;;;Precio regular: $8.433,33 x kg;320478
CUISINE & CO NBE MP;Lentejas Cuisine & Co 300gr;$1.050;;;Precio regular: $5.121,95 x kg;343441
ARTESANO;Pan De Semillas Bimbo Artesano X 500g;$3.406;;;Precio regular: $6.812 x kg;386147
GRANIX;Copos De Maíz Tradicionales Granix 400 Gr;$780,55;;;Precio regular: $1.951,38 x kg;30583
SHOT;Chocolate Con Maní Shot 35g;$499;;;Precio regular: $1.425,71 x 100 gr.;10281
OREO;Galletitas Dulces Rellenas Con Crema Sabor Frutilla Oreo 118g;$438;$730;-40%;Precio regular: $6.186,44 x kg;387756
LINCOLN;Galletitas Lincoln Clasicas X219g;$772;;;Precio regular: $3.509,09 x kg;395228
LUCHETTI;Fideos Lucchetti Mostachol N51 X500g;$905;;;Precio regular: $1.810 x kg;403670
DOS ANCLAS;Sal Gruesa Dos Anclas 500 Gr;$550;;;Precio regular: $1.100 x kg;24634
ARTESANO;Pan De Panchos Bimbo Artesano X 6u;$1.419;;;Precio regular: $5.912,5 x kg;386142
SWIFT;Picadillo De Carne Swift 90 Gr;$473;;;Precio regular: $5.255,56 x kg;148266
ROYAL;Gelatina Royal Frutilla Regular 25g;$306;;;Precio regular: $1.224 x 100 gr.;386166
CUISINE & CO NBE MP;Aceite De Oliva Cuisine & Co Extra Virgen 500cc;$12.650;;;Precio regular: $25.300 x lt;337884
BAGLEY;Alfajor Triple Negro Bob 60 Gr;$596;;;Precio regular: $9.933,33 x kg;44495
LA CAMPAGNOLA;Mermelada La Campagnola Ciruela X390g Bc;$900;;;Precio regular: $2.307,69 x kg;340587
STARBUCKS;Starbucks® Nespresso® Blonde Espresso X 10un;$4.185,47;;;Precio regular: $418,55 x un;312506
CUISINE & CO NBE MP;Mermelada De Durazno Cuisine & Co;$1.200;;;Precio regular: $2.637,36 x kg;309435
BIMBO;Pan De Papa De Hamburguesa Artesano X 4u;$1.658;;;Precio regular: $6.908,33 x kg;386144
FARGO;Pan Mix De Cereales Fargo X 400g;$2.158;;;Precio regular: $5.395 x kg;387672
LAY´S;Papas Fritas Lays Jamon Serrano X77g;$1.032,2;$1.588;-35%;Precio regular: $19.850 x kg;395373
CASALTA;Aceto Balsámico Casalta Redución 400 Ml;$4.650;;;Precio regular: $11.625 x lt;46442
CUISINE & CO NBE MP;Jardinera Cuisine & Co 300gr;$1.050;;;Precio regular: $4.772,73 x kg;343442
TARAGUI;Te Taragui Sin Filtro Diamantado X 50 Saquitos;$956;;;Precio regular: $9.560 x kg;331138
HOGAREÑAS;Galletitas Hogareñas Salvado 200g;$416;;;Precio regular: $2.080 x kg;318821
CUISINE & CO NBE MP;Pionono Vainilla Cuisine & Co 200gr;$1.350,96;;;Precio regular: $6.754,8 x kg;330330
CUISINE & CO NBE MP;Tu Polenta - Harina De Maiz Instantanea;$366,45;;;Precio regular: $732,9 x kg;308296
MOGUL;Gomitas Mogul Conitos 1 Kg;$5.062;;;Precio regular: $5.062 x kg;4783
ROYAL;Flan Royal Vainilla 60g;$187;;;Precio regular: $3.116,67 x kg;389911
HEINZ;Mayonesa Heinz 350gr;$1.100;;;Precio regular: $3.125 x kg;258198
CUISINE & CO NBE MP;Pionono Salado Cuisine & Co 200gr;$1.350,96;;;Precio regular: $6.754,8 x kg;330327
BARILLA;Fideos Spaghetti Barilla 500 Gr;$5.868,15;;;Precio regular: $11.736,3 x kg;27836
SWIFT;Pate De Foie Swift 90 Gr;$464;;;Precio regular: $5.155,56 x kg;2983
LACTAL;Pan Blanco Lactal X 315g;$1.268;;;Precio regular: $4.090,32 x kg;386821
Molinos Ala;Arroz Molinos Ala En Grano 1kg;$2.650;;;Precio regular: $2.650 x kg;409102
CUISINE & CO NBE MP;Galletitas C/chips Chocolate 186grc&c;$1.200;;;Precio regular: $6.451,61 x kg;306208
CUISINE & CO NBE MP;Galletitas Con Avena Y Pasas 186gr C&c;$1.200;;;Precio regular: $6.451,61 x kg;306201
BELDENT;Chicle Sabor Chicle Globo Beldent 20g;$400;;;Precio regular: $4.000 x 100 gr.;329810
BIMBO;Pan Blanco Bimbo X 400g;$1.960;;;Precio regular: $4.900 x kg;395580
DOS HERMANOS;Galleta De Arroz Slim Dos Hermanos Salada X100 Gr;$545,13;;;Precio regular: $5.451,3 x kg;245363
FLOW;Barra Flow Almendras Enteras Con Piso De Chocolate X30g;$195,94;;;Precio regular: $653,13 x 100 gr.;351991
9 DE ORO;Bizcochos De Grasa 9 De Oro 200 Gr;$1.297;;;Precio regular: $6.485 x kg;2817
CADA DIA;Aceite De Girasol Cada Día 900 Ml;$968;;;Precio regular: $1.075,56 x lt;24608
CUISINE & CO NBE MP;Tostadas De Arroz Aireadas 110 Gr C&co;$1.000;;;Precio regular: $9.090,91 x kg;306168
CUISINE & CO NBE MP;Sardinas En Aceite cuisine & Co 160gr;$1.763,55;;;Precio regular: $16.637,26 x kg;338370
TITA;Tita Clásica 19g;$343;;;Precio regular: $1.805,26 x 100 gr.;330894
CUISINE & CO NBE MP;Lentejas Secas Cuisine & Co 400gr;$1.650;;;Precio regular: $4.125 x kg;342227
MAGGI;Maggi® Puré Original X 100gr;$715;;;Precio regular: $7.150 x kg;399828
CUISINE & CO NBE MP;Aceite De Oliva Virgen 500ml Cuisine & Co;$11.100;;;Precio regular: $22.200 x lt;352424
KNORR;Pure De Papas Knorr Receta Completa Listo X125g;$905;;;Precio regular: $7.240 x kg;352161
ROSAMONTE;Yerba Mate Rosamonte Con Palo Suave 500 Gr;$1.397,75;;;Precio regular: $2.795,5 x kg;6503
CUISINE & CO NBE MP;Madalenas Vainilla Con Dulce De Leche C&co 180 Gr;$776,88;;;Precio regular: $4.316 x kg;384164
MILK;Alfajor Triple Milka Mousse Blanco 55g;$643;;;Precio regular: $11.690,91 x kg;24023
Molinos Ala;Tostadas Arroz Molinos Ala Integ X150g;$616,19;;;Precio regular: $4.107,93 x kg;306789
LA CAMPAGNOLA;Aderezo Ketchup La Campagnola 250 Gr;$319,8;$492;-35%;Precio regular: $1.968 x kg;30314
MAIZENA;Almidon De Maiz Maizena Sin Tacc X500g;$1.071;;;Precio regular: $2.142 x kg;392953
LA VIRGINIA;Cafe La Virginia Capsulas Sutil X52g;$4.635;;;Precio regular: $463,50 x un;346855
STARBUCKS;Starbucks® Nespresso® House Blend X 10u.;$4.185,47;;;Precio regular: $418,55 x un;312502
MOGUL;Gomitas Mogul Jelly Buttons 1 Kg;$5.062;;;Precio regular: $5.062 x kg;4781
ROYAL;Gelatina Royal Light Cereza 25grs;$512;;;Precio regular: $2.048 x 100 gr.;386161
TERRABUSI;Alfajor Triple Terrabusi Clásico 70g;$392,63;;;Precio regular: $5.609 x kg;15593
VARIEDAD;Galletitas Dulces Variedad De Terrabusi Nuevo Mix 590g;$1.773;;;Precio regular: $2.955 x kg;387759
CBSE;Yerba Mate Cbsé Hierbas Serranas X50yerba Mate Cbse Hierbas Serranas X500g;Llevando 2: $NaN c/u;;;Precio regular: $3.111,7 x kg;331007
KRACH-ITOS;Palitos Krach-itos Salados X110g;$704;;;Precio regular: $6.175,44 x kg;387603
STARBUCKS;Starbucks® Nespresso® Espresso Roast X 10un;$4.185,47;;;Precio regular: $418,55 x un;312511
TIC TAC;Pastillas Tic Tac Mix De Frutas 33 U;$220;;;Precio regular: $1.375 x 100 gr.;34405
NESQUIK;Nesquik® Original Polvo Chocolatado Menos Azúcar X 300gr;$2.236;2do al 70%;Llevando 2: $1.453,4 c/u;Precio regular: $7.453,33 x kg;392447
CBSE;Yerba Mate Cbse Naranja X500g;$1.089,09;$1.555,85;-30%;Precio regular: $3.111,7 x kg;331011
CACHAFAZ;Galletitas Integral Cachafaz Avena Y Pasas 225 Gr;$1.666;;;Precio regular: $7.404,44 x kg;28200
CASERITA;Harina Caserita Leudante 1 Kg;$490;;;Precio regular: $490 x kg;2362
ALCAZAR;Vinagre Alcazar De Alcohol X 500 Cc.;$400;;;Precio regular: $800 x lt;60013
CACHAFAZ;Alfajores Cachafaz Negros 360g;$6.098;;;Precio regular: $16.938,89 x kg;46317
DON VICENTE;Fideos Don Vicente Fettuccini X500g;$1.683;;;Precio regular: $3.366 x kg;407183
ARCOR;Mermelada Arcor Damasco Fruta X454g;$951;;;Precio regular: $2.094,71 x kg;337042
HOJALMAR;Galletitas Hojalmar Larguitas De Hojaldre 150 Gr;$414;;;Precio regular: $2.760 x kg;2757
LA LECHERA;La Lechera® Nutrifuerza X 800gr;$4.797;;;Precio regular: $5.996,25 x kg;392428
PRINGLES;Papas Pringles Queso X124gs;$1.856,96;;;Precio regular: $15.474,67 x kg;386822
CUISINE & CO NBE MP;Tostadas Finas light 140gr C&co;$1.700;;;Precio regular: $12.142,86 x kg;309293
HELLMANN´S;Salsa Golf Hellmanns Sin Tacc X250gr;$353,6;$544;-35%;Precio regular: $2.176 x kg;384486
CUISINE & CO NBE MP;Galles Con Avena Y Coco Con Chips 186 Gr C&co;$1.200;;;Precio regular: $6.451,61 x kg;340069
BIMBO;Pan Brioche De Hamburguesa Artesano X 4u;$1.658;;;Precio regular: $6.908,33 x kg;386149
FRUTIGRAN;Galletitas Frutigran Con Chips De Chocolate 255 Gr;$774,52;;;Precio regular: $3.037,33 x kg;32988
ALICANTE;Pimenton Alicante St X50g;$1.020;;;Precio regular: $2.040 x 100 gr.;342885
KRACH-ITOS;Papas Krach-itos Corte Americano X115g;$1.331;;;Precio regular: $11.573,91 x kg;387604
BIMBO;Pan Integral Cero Cero Bimbo 350g;$2.553;;;Precio regular: $7.294,29 x kg;403600
ROYAL;Gelatina Royal Frutos Rojos 25g;$512;;;Precio regular: $2.048 x 100 gr.;386164
BIGGYS;Pochoclo Acaramelados Biggys X 60gr;$450;;;Precio regular: $7.500 x kg;306619
ROYAL;Gelatina Sin Sabor Royal 14g;$306;;;Precio regular: $2.185,71 x 100 gr.;45471
ALICANTE;Coco Rallado Alicante St X50g;$569;;;Precio regular: $11,38 x lt;342875
ALICANTE;Oregano Alicante St X50gr;$1.390;;;Precio regular: $2.780 x 100 gr.;336771
ALICANTE;Bicarbonato De Sodio Alicante St X50g;$418;;;Precio regular: $836 x 100 gr.;342880
LETIZIA;Harina De Trigo Letizia 000 X1kg;$432;;;Precio regular: $432 x kg;288862
SERENATA;Garrapiñada Serenata De Maní X 80 Gr;$249;;;Precio regular: $3.112,5 x kg;24376
STARBUCKS;Starbucks® Nespresso® Pike Place X 10un;$4.185,47;;;Precio regular: $418,55 x un;312509
VARIEDAD;Galletitas Dulces Variedad De Terrabusi Mix Vainilla 300g;$925;;;Precio regular: $3.083,33 x kg;386181
GRANIX;Galletitas Granix Salvado X240gr;$479,15;;;Precio regular: $1.996,46 x kg;301338
MATARAZZO;Fideos Matarazzo Tirabuzón N28 X500g;$1.075;;;Precio regular: $2.150 x kg;407211
CEREAL MIX;Barra Cereal Mix Yoghurt Frutilla Light X104gr;$1.453;;;Precio regular: $13.971,15 x kg;343316
OPERA;Galletitas Obleas Opera Chocolate X68g;$410;;;Precio regular: $6.029,41 x kg;339714
CUISINE & CO NBE MP;Fideos Moños C&c 500gr;$1.379;;;Precio regular: $2.758 x kg;338132
FARGO;Pan Blanco Lacteado Fargo 330g;$1.768;;;Precio regular: $5.357,58 x kg;403592
GRANAGUA;Galletitas De Agua Granagua 200 Gr;$342,69;;;Precio regular: $1.713,45 x kg;5739
REX;Galletitas Rex Original Tubo 75 Gr;$442;;;Precio regular: $5.893,33 x kg;42596
ALICANTE;Provenzal Alicante St X50gr;$1.181;;;Precio regular: $2.362 x 100 gr.;336772
CUISINE & CO NBE MP;Miss Hojaldre - Triangulitas Cuisine & Co 150 Gr;$1.050;;;Precio regular: $7.000 x kg;309267
NATURA;Mostaza Natura;Llevando 2: $NaN c/u;;;Precio regular: $1.680 x kg;28934
CUISINE & CO NBE MP;Arveja Sin Sal Agregada Cuisine & Co 300gr;$700;;;Precio regular: $3.414,63 x kg;343448
CUISINE & CO NBE MP;Tostadas Finas clásicas 140gr C&co;$1.700;;;Precio regular: $12.142,86 x kg;309292
UNION;Mate Cocido Union 25 Saquitos;$676;;;Precio regular: $9.013,33 x kg;348529
OREO;Galletitas Oreo Chocolate X118g;Llevando 2: $NaN c/u;;;Precio regular: $6.338,98 x kg;391526
FAVINCO;Vinagre Favinco De Alcohol X1300ml;$1.150;;;Precio regular: $884,62 x lt;391148
FRUTIGRAN;Galletitas Frutigran Avena Y Pasas 250 Gr;$758,69;;;Precio regular: $3.034,76 x kg;5734
NESQUIK;Nesquik® Cereal X 400gr;$2.345,76;;;Precio regular: $5.864,4 x kg;392418
LACTAL;Pan Con Salvado Semillas Chia Y Lino Lactal 33;$1.664;;;Precio regular: $5.042,42 x kg;403585
ZUCARITAS;Copos De Maiz Zucarita Kelloggs X490g;$2.796;;;Precio regular: $5.706,12 x kg;392150
ARTESANO;Turron Artesano Torta Alicante 150 Gr;$5.490;;;Precio regular: $36.600 x kg;13261
TIC TAC;Pastillas Tic Tac Menta 33 U;$220;;;Precio regular: $1.375 x 100 gr.;30217
DULCE MAMA;Budin Dulce Mama - Sabor Vainilla - 170 Gr;$399;;;Precio regular: $2.347,06 x kg;315178
CUISINE & CO NBE MP;Papas Fritas Corte Americano Cuisine & Co 150;$1.680;;;Precio regular: $11.200 x kg;325710
MAGGI;Maggi® Caldo Verdura X 6u.;$160,34;;;Precio regular: $2.812,98 x kg;344847
MILKA;Chocolate Con Leche Milka 55g;$640;;;Precio regular: $11.636,36 x kg;251541
QUAKER;Avena Quaker Extra Fina 470g;$1.200,13;;;Precio regular: $2.553,47 x kg;319793
KNORR;Caldo Knorr Sabor Gallina X 12 Cubos;$807;;;Precio regular: $7.078,95 x kg;387872
MORIXE;Pan Rallado Morixe 500 Gr;$814;;;Precio regular: $1.628 x kg;293852
JORGITO;Alfajor Negro Con Dulce De Leche Jorgito Mini 155 Gr;$1.359,06;;;Precio regular: $8.768,13 x kg;29364
OPERA;Galletitas Obleas Opera Frutilla X68g;$300;;;Precio regular: $4.411,76 x kg;339715
FRESH MP;Palmeritas De Manteca 200 Gr;$1.949;;;Precio regular: $9.745 x kg;18166
KINDER;Kinder Chocolate 12,5 Gr;$191;;;Precio regular: $1.528 x 100 gr.;17639
Molinos Ala;Arroz Molinos Ala Ita Caabó Largo Fino 1k;$2.500;;;Precio regular: $2.500 x kg;350361
GIACOMO;Capelettini Giacomo Tridicci 500g;$2.106;;;Precio regular: $4.212 x kg;336065
UNION;Mate Cocido Unión 150 Gr;$1.189;;;Precio regular: $7.926,67 x kg;320480
ARTESANO;Turrón Artesano Jijona X150g;$4.990;;;Precio regular: $33.266,67 x kg;13259
LAY´S;Papas Lays Cheddar X77g;$1.032,2;$1.588;-35%;Precio regular: $22.685,71 x kg;395382
LA CAMPAGNOLA;Arvejas La Campagnola X195g;$420;;;Precio regular: $1.400 x kg;352096
LA PERLA;Pan Para Panchos La Perla 220g;$770;;;Precio regular: $3.500 x kg;401116
GREEN HILLS;Té Green Hills Saquitos 200 Gr;$2.250;;;Precio regular: $11.250 x kg;2780
CUISINE & CO NBE MP;Palitos Salados Cuisine & Co 120gr;$858;;;Precio regular: $7.150 x kg;329447
CELUSAL;Sal Fina Celusal 500 Gr;$573;;;Precio regular: $1.146 x kg;2961
TARAGUI;Yerba Mate Taragui 4flex Sin Palo 500g;$1.841;;;Precio regular: $3.682 x kg;318736
CUISINE & CO NBE MP;Mermelada Durazno Reducida Calorias C&co;$1.250;;;Precio regular: $3.205,13 x kg;309184
LA MERCED;Yerba Mate La Merced Monte O.c 500g;$1.803,9;$2.577;-30%;Precio regular: $5.154 x kg;318739
BIMBO;Vainillas Bimbo X 36u;$1.839;;;Precio regular: $4.132,58 x kg;389439
LADDU BAR;Barra Laddu Bar Vegana Brownie X 30g;$478;;;Precio regular: $1.593,33 x 100 gr.;374131
SHOT;Chocolate Con Maní Shot 90g;$871,82;;;Precio regular: $9.686,89 x kg;28764
CEREAL MIX;Barras De Cereal Arcor Mix Original X 92 G;$1.453;;;Precio regular: $15.793,48 x kg;347649
ARCOR;Mermelada Arcor Frutilla Fruta X454g;$1.543;;;Precio regular: $3.398,68 x kg;337044
CACHAFAZ;Galletitas Cachafaz;$1.666;;;Precio regular: $7.404,44 x kg;28204
BELDENT;Chicle Menta Beldent Infinit 13,3g;$348;;;Precio regular: $2.676,92 x 100 gr.;385568
LACTAL;Pan De Pancho Lactal X 210g;$826;;;Precio regular: $3.933,33 x kg;386813
KINDER;Kinder Chocolate 4 U;$703;;;Precio regular: $1.406 x 100 gr.;20477
NOBLEZA GAUCHA;Yerba Mate Nobleza Gaucha Suave X1kg Sin Tacc;$2.600;;;Precio regular: $2.600 x kg;343640
LAY´S;Papas Fritas Lays Jamon Serrano X34g;$512,85;$789;-35%;Precio regular: $2.320,59 x 100 gr.;395388
LA MORENITA;Café La Morenita Molido 250gr;$2.398;;;Precio regular: $9.592 x kg;331872
LA VIRGINIA;Te La Virginia Naturalidad Intacta X50 Saquitos;$1.249;;;Precio regular: $24,98 x un;336664
CABRALES;Capsulas Cabrales Super X55g;$4.980,66;;;Precio regular: $90.557,45 x kg;335434
HILERET;Endulzante Hileret Stevia X 200 Ml;$2.455;;;Precio regular: $12.275 x lt;22373
ARCOR;Mermelada Arcor Light Durazno X390g;$878;;;Precio regular: $2.251,28 x kg;340562
CUISINE & CO NBE MP;Biscuits Cuisine & Co 125gr;$800;;;Precio regular: $6.400 x kg;340096
OREO;Galletitas Dulces Rellenas Con Crema Oreo 182,5g;$1.145;;;Precio regular: $6.361,11 x kg;387754
Kit Kat;Oblea Kitkat® Dark 4 Fingers X 41,5gr;$412,42;;;Precio regular: $993,78 x 100 gr.;238229
NESCAFE;Nescafé® Dolca Latte X 125gr;$962;2do al 70%;Llevando 2: $625,3 c/u;Precio regular: $7.696 x kg;348305
MAGGI;Maggi® Caldo Verdura X 12u.;$358,73;;;Precio regular: $3.146,75 x kg;339440
INALPA;Granos De Choclo Amarillos Inalpa Enteros X300;$1.100;;;Precio regular: $3.666,67 x kg;346908
NATURA;Aderezo Ketchup Natura 500 Gr;$806,65;$1.241;-35%;Precio regular: $2.482 x kg;36047
ROCKLET´S;Confites Rocklets De Chocolate 40 Gr;$594;;;Precio regular: $1.485 x 100 gr.;13425
FRUTIGRAN;Galletitas Frutigran Con Chia Y Lino 240 Gr;$608,91;;;Precio regular: $2.537,13 x kg;32476
CUISINE & CO NBE MP;Ananá En Rodajas Cuisine & Co 140 Gr;$1.445;;;Precio regular: $10.321,43 x kg;309822
COCINERO;Aceto Balsamico Cocinero Reduccion;$3.952;;;Precio regular: $7.904 x lt;287992
LADDU BAR;Barra Laddu Bar Vegan Frutos Rojos X 30g;$478;;;Precio regular: $1.593,33 x 100 gr.;374145
MANI KING;Garrapiñada Mani King - 80 Gr;$477,36;;;Precio regular: $5.967 x kg;305803
BON O BON;Bon O Bon Leche 270 Gr;$4.137;;;Precio regular: $15.322,22 x kg;251552
LA CAMPAGNOLA;Jardinera La Campagnola Hortalizas Y Legumbres X300g;$570;;;Precio regular: $1.900 x kg;392887
EXQUISITA;Brownies Exquisita X400gr;$3.398;;;Precio regular: $8.495 x kg;348283
NESTLE;Nestlé® Leche Condensada Orgánica X 395gr;Llevando 2: $NaN c/u;;;Precio regular: $5.159,49 x kg;406473
MR POP´S;Chupetin Mr.pops Evolution Blueberry 432 Gr;$1.171,04;;;Precio regular: $2.710,74 x kg;245719
TRIX;Trix® Cereal X 330gr;$1.682,28;;;Precio regular: $5.097,82 x kg;152632
CUISINE & CO NBE MP;Tostadas Clasicas 200 Gr Cuisine & Co;$1.350;;;Precio regular: $6.750 x kg;309295
CUISINE & CO NBE MP;Granola Con Pasas Cuisine&co 320gr;$2.500;;;Precio regular: $7.812,5 x kg;394778
TIC TAC;Pastillas Tic Tac Naranja 33 U;$220;;;Precio regular: $1.375 x 100 gr.;40548
HEINZ;Mayonesa Heinz 850gr;$2.600;;;Precio regular: $3.058,82 x kg;258197
MATARAZZO;Fideos Matarazzo Penne Rigate N45 X500g;$1.335;;;Precio regular: $2.670 x kg;403653
NATURA;Mostaza Natura;Llevando 2: $NaN c/u;;;Precio regular: $2.008 x kg;26681
NATURA;Aceite De Oliva Natura Virgen 120 Ml;$2.152;;;Precio regular: $17.933,33 x kg;45344
BIMBO;Vainillas Bimbo X 12u;$685;;;Precio regular: $4.628,38 x kg;389443
COQUITAS;Galletitas Melitas 159g;$400;;;Precio regular: $2.515,72 x kg;388352
GREEN HILLS;Té Green Hills - 25 Saquitos;$650;;;Precio regular: $1.300 x 100 gr.;2752
COFLER;Alfajor Cofler Block 60 Gr;$544;;;Precio regular: $9.066,67 x kg;238894
ROYAL;Gelatina Royal Regular Frambuesa X25g;$327;;;Precio regular: $1.308 x 100 gr.;386592
TERRABUSI;Alfajor Terrabusi Blanco Glaseado 6ux38g;$1.874;;;Precio regular: $8.219,3 x kg;43456
CUISINE & CO NBE MP;Maíz Pisingallo Cuisine & Co 400gr;$1.050;;;Precio regular: $2.625 x kg;340517
QUAKER;Quaker Avena Tradicional X550g;$1.568;;;Precio regular: $2.850,91 x kg;388990
FARGO;Pan Para Hamburguesas Sin Semillas Fargo 210g;$1.066;;;Precio regular: $5.076,19 x kg;397671
LA VIRGINIA;Cafe La Virginia Capsulas Equilibrio X52g;$4.502;;;Precio regular: $450,20 x un;346858
LADDU BAR;Barra Laddu Bar Vegana Arandanos X 30g;$478;;;Precio regular: $1.593,33 x 100 gr.;374136
CARILÓ;Tostadas De Arroz Cariló Original 150 Gr;$1.250;;;Precio regular: $8.333,33 x kg;456
HELLMANN´S;Salsa Barbacoa Hellmanns 250g;$418,6;$644;-35%;Precio regular: $2.576 x kg;332239
CUISINE & CO NBE MP;Mermelada De Ciruela Cuisine & Co;$1.300;;;Precio regular: $2.857,14 x kg;309408
NESCAFE;Nescafé® Dolca Original X 170gr;$2.370;;;Precio regular: $13.941,18 x kg;407846
ALICANTE;Pimenton Alicante St X25g;$565;;;Precio regular: $2.260 x 100 gr.;342886
NESCAFE;Nescafé® Dolce Gusto® Capuccino Dulce De Leche X 16u.;$4.089,49;;;Precio regular: $15.146,26 x kg;399823
SALSATI;Salsa Salsati Italiana X340g;$479;;;Precio regular: $1.408,82 x kg;336621
SHIVA;Shiva Mix De Semillas X 100 G Sin Tacc;$1.518;;;Precio regular: $15.180 x kg;336441
LA PARMESANA;Orégano La Parmesana 25 Gr;$252;;;Precio regular: $1.008 x 100 gr.;25682
DOS ANCLAS;Sal Entrefina Dos Anclas 500 Gr;$700;;;Precio regular: $1.400 x kg;24638
CROWIE;Barrita De Arroz Crowie Chocolate Negro 3 U;$769;;;Precio regular: $6.408,33 x 100 gr.;254420
MATARAZZO;Fideos Matarazzo Tallarín N5 X500g;$1.075;;;Precio regular: $2.150 x kg;407200
HELLMANN´S;Mayonesa Hellmanns Liviana 237g;$529;;;Precio regular: $2.232,07 x kg;386228
BIMBO;Madalenas Rellenas Con Ddl Bimbo X 180g;$777;;;Precio regular: $4.089,47 x kg;387541
NESCAFE;Nescafé® Tradición X 120gr;$2.196;;;Precio regular: $18.300 x kg;385759
SUGUS;Caramelos Sugus Confitadosx50gr;$405,12;;;Precio regular: $810,24 x 100 gr.;379482
HEINZ;Mayonesa Heinz Light Doy-pack X350gr;$1.400;;;Precio regular: $3.977,27 x kg;299835
JORGITO;Alfajores Mini Jorgito Blanco 155 Gr;$1.359,12;;;Precio regular: $8.768,52 x kg;29327
HELLMANN´S;Aderezo De Ajo Ahumado Hellmanns X250gr;$644,15;$991;-35%;Precio regular: $3.964 x kg;383754
HILERET;Endulzante Hileret Zucra X 400 Ml;$2.910;;;Precio regular: $7.275 x lt;22439
ARCOR;Chupetín Trompito Frutal 11 Gr;$1.903;;;Precio regular: $16.153,13 x 100 gr.;16756
AGUILA;Alfajor Minitorta Brownie 69 G;$620;;;Precio regular: $8.732,39 x kg;350366
BELDENT;Chicle Mentol Beldent 20g;$275;;;Precio regular: $2.750 x 100 gr.;329809
LA CAMPAGNOLA;Porotos La Campagnola Alubia X300g;$581;;;Precio regular: $1.936,67 x kg;349547
DULCE MAMA;Budin Dulce Mamá Marmolado 170g;$399;;;Precio regular: $2.347,06 x kg;315180
OKEBON;Galletitas Okebon Leche Con Dulce De Leche 273 Gr;$458,43;;;Precio regular: $1.679,23 x kg;1522
MOLTO;Duraznos En Trozos Molto 340g;$667;;;Precio regular: $1.961,76 x kg;391529
LUCHETTI;Fideos Lucchetti Penne Rigatex500g;$993;;;Precio regular: $1.986 x kg;407197
CUISINE & CO NBE MP;Madalenas Chocolate Con Ddl C&co 180 G;$776,88;;;Precio regular: $4.316 x kg;386234
DONUTS;Galletitas Donuts Chocolate Blanco 78 Gr;$860;;;Precio regular: $11.025,64 x kg;15426
PRESTOPRONTA;Harina Presto Pronta De Maíz Precocida X730;$860;;;Precio regular: $1.178,08 x kg;347787
CELUSAL;Sal Fina Celusal 500 Gr;$1.350;;;Precio regular: $2.700 x kg;2955
CASERITA;Harina Caserita Comun Para Pizza Paquete 1 Kg;$799;;;Precio regular: $799 x kg;118666
CHEETOS;Palitos De Maiz Cheetos Queso X43g;$855;;;Precio regular: $1.988,37 x 100 gr.;394948
HELLMANN´S;Ketchup Hellmanns X400g;Llevando 2: $NaN c/u;;;Precio regular: $4.640 x kg;350079
KINDER;Huevo Kinder Sorpresa X40gr;$1.350;;;Precio regular: $3.375 x 100 gr.;243817
LA CAMPAGNOLA;Mayonesa La Campagnola X1000g;$1.440;;;Precio regular: $1.440 x kg;349202
MINERVA;Jugo De Limon Minerva X250 Ml;$582;;;Precio regular: $2.328 x lt;248605
ROCKLET´S;Confites Rocklets Mini 150 Gr;$1.610;;;Precio regular: $10.733,33 x kg;37617
GRANIX;Bocaditos De Cereal Rellenos Con Frutilla Granix 180 Gr;$752,9;;;Precio regular: $4.182,78 x kg;13277
GEORGALOS;Caramelos Flynn Paff Tutti Frutti 128 Gr;$821,75;;;Precio regular: $6.419,92 x kg;1832
JUMBO MP;Snack De Arroz Jumbo Bajo En Sodio 45 Gr;$241,71;;;Precio regular: $537,13 x 100 gr.;15215
HILERET;Endulzante Hileret Clasico Forte X 250 Ml;$1.246;;;Precio regular: $4.984 x lt;331220
9 DE ORO;Pepas 9 De Oro Membrillo X140g;$444,53;;;Precio regular: $3.175,21 x kg;403111
MAZOLA;Aceite De Girasol Mazola Manteca 120 Ml;$1.565;;;Precio regular: $12.520 x lt;41226
GALLO;Gallo Snacks Oblea De Arroz Chocobar 20 Gr.;$468;;;Precio regular: $2.340 x 100 gr.;7557
NESQUIK;Nesquik® Cereal X 210gr;$1.320,55;;;Precio regular: $6.288,33 x kg;392429
CUISINE & CO NBE MP;Aceite De Oliva Extra Virgen 1l Cuisine & Co;$24.800;;;Precio regular: $24.800 x lt;337885
ALICANTE;Aji Molido Alicante X50gr;$921;;;Precio regular: $1.842 x 100 gr.;339384
CUISINE & CO NBE MP;Porotos Cuisine & Co 300gr;$950;;;Precio regular: $4.634,15 x kg;343438
CUISINE & CO NBE MP;Mermelada Ciruela Reducida Calorias C&co;$1.350;;;Precio regular: $3.461,54 x kg;309187
KINDER;Chocolate Kinder Relleno X 20 Gr;$350;;;Precio regular: $1.750 x 100 gr.;22475
BAGLEY NEGRO;Alfajor Byn Bagley Blanco X50g;$431;;;Precio regular: $862 x 100 gr.;396717
LA PERLA;Pan Para Hamburguesa La Perla 210g;$770;;;Precio regular: $3.666,67 x kg;401120
VALENTE;Vainillas Valente X 36u;$1.652;;;Precio regular: $3.712,36 x kg;389429
CHOCOARROZ;Alfajor Chocoarroz Dulce De Leche 22g;$520;;;Precio regular: $2.363,64 x 100 gr.;330530
DOS ANCLAS;Ajo Deshidratado Dos Anclasx20g;$500;;;Precio regular: $2.500 x 100 gr.;347326
BANANITA DOLCA;Nestlé® Bananita Dolca X 14gr;$325;;;Precio regular: $2.321,43 x 100 gr.;407855
FORMIS;Galletitas Polvorita Vainilla 81g;$254;;;Precio regular: $3.135,8 x kg;386131
MENOYO;Vinagre De Manzana Menoyo 1 L;$1.400;;;Precio regular: $1.400 x lt;167951
MACROBIOTICA;Galletas De Arroz Macrobioticas Sésamo Y Lino 102 Gr;$349;;;Precio regular: $3.421,57 x kg;26211
CUISINE & CO NBE MP;Madalenas Vainilla Cuisine & Co 200 Gr;$776,88;;;Precio regular: $3.884,4 x kg;384162
PASEO;Galletitas De Agua Mini Crackers Paseo 5 Semillas 300 Gr;$774,18;;;Precio regular: $2.580,6 x kg;9307
TIC TAC;Pastillas Tic Tac Dupla Frutilla 33 U;$220;;;Precio regular: $1.375 x 100 gr.;46981
LUCHETTI;Fideos Lucchetti Spaghetti N7 X500g;$905;;;Precio regular: $1.810 x kg;407193
La Providencia;Azucar La Providencia Comun Tipo A X 1kg;$1.170,4;;;Precio regular: $1.170,4 x kg;39115
GOMES DA COSTA;Atún Lomo Gomez Da Costa 120 Gr;$2.002;;;Precio regular: $16.683,33 x kg;2384
GRANIX;Copos De Maíz Tradicionales Granix 160 Gr;$379,25;;;Precio regular: $2.370,31 x kg;30566
NESCAFE;Nescafé® Dolca Caramel X 125gr;$962;2do al 70%;Llevando 2: $625,3 c/u;Precio regular: $7.696 x kg;350019
INTEGRA;Barra Integra Avena Alm Nuez 41g;$561;;;Precio regular: $1.368,29 x 100 gr.;404470
MOGUL;Gomitas Mogul Anillos 220g;$1.071;;;Precio regular: $4.868,18 x kg;320374
KNORR;Condimento Sabor Al Horno Knorr Limon Y Oregano 21 G;$482;;;Precio regular: $2.295,24 x 100 gr.;336105
HELLMANN´S;Aderezo De Ajo Hellmanns X250gr;$644,15;$991;-35%;Precio regular: $3.964 x kg;383750
CUISINE & CO NBE MP;Mermelada De Frutilla Cuisine & Co;$1.750;;;Precio regular: $3.846,15 x kg;309182
CUISINE & CO NBE MP;Te Manzanilla C/sob C&co 25 Saq 50 Gr;$850;;;Precio regular: $1.700 x 100 gr.;385127
CELUSAL;Sal Gruesa Celusal 1 Kg;$810;;;Precio regular: $810 x kg;40449
GRANAGUA;Galletitas De Agua Granagua 600 Gr;$1.353,63;;;Precio regular: $22.560,5 x kg;5741
MOGUL;Gomitas Mogul Conitos 220g;$1.092;;;Precio regular: $4.963,64 x kg;320376
TERRABUSI;Alfajor Terrabusi Blanco Glaseado 38g;$276,24;;;Precio regular: $726,95 x 100 gr.;148349
PEHUAMAR;Palitos Salados Pehuamar X165g;$1.267;;;Precio regular: $7.678,79 x kg;395383
CADBURY;Chocolate Cadbury Tres Sueños 25g;$488;;;Precio regular: $1.952 x 100 gr.;330853
MR POP´S;Chupetines Surtidos Mr Pop Evolution X432g;$2.714;;;Precio regular: $6.282,41 x kg;263102
VALENTE;Madalenas Rellenas Con Ddl Valente X 180g;$711;;;Precio regular: $3.555 x kg;387532
FARGO;Pan Fargo Lacteado 380g;$1.768;;;Precio regular: $4.592,21 x kg;387663
CUISINE & CO NBE MP;Papas Fritas tradicionales Cuisine & Co 150gr;$1.680;;;Precio regular: $11.200 x kg;325712
SUAVECITAS;Galletas Suavecitas Chips X140 Grs;$533,89;;;Precio regular: $3.813,5 x kg;304784
PITUSAS;Galletas Pitusas Mini Chocolate X 160 Gr;$651,05;;;Precio regular: $4.069,06 x kg;304772
CUISINE & CO NBE MP;Crackers Cuisine & Co X 3u;$1.250;;;Precio regular: $4.125,41 x kg;323738
EL BROCAL;Mermelada El Brocal Frutilla 420 Gr;$2.450;;;Precio regular: $5.833,33 x kg;440
9 DE ORO;Cookies 9 De Oro 120gr;$367;;;Precio regular: $3.058,33 x kg;323583
CUISINE & CO NBE MP;Galletitas Mini Marineras Clasicas 220 G;$479,56;;;Precio regular: $2.179,82 x kg;308812
Molinos Ala;Arroz Molinos Ala Yamani Est 500gr;$2.850;;;Precio regular: $5.700 x kg;332577
CUISINE & CO NBE MP;Madalenas Marmoladas Cuisine & Co 200 Gr;$776,88;;;Precio regular: $3.884,4 x kg;384163
WAKAS;Pasta Multicereal Wakas 250 Gr;$2.029;;;Precio regular: $8.116 x kg;8195
BON O BON;Bon O Bon Leche 15 Gr;$220;;;Precio regular: $1.466,67 x 100 gr.;251708
PEHUAMAR;Maicitos Pehuamar X260g;$2.057;;;Precio regular: $7.911,54 x kg;395372
ROYAL;Gelatina Royal Frutilla 25g;$512;;;Precio regular: $2.048 x 100 gr.;386168
CUISINE & CO NBE MP;Mermelada Frutilla Reducid Calorias C&co;$1.850;;;Precio regular: $4.743,59 x kg;309183
CUISINE & CO NBE MP;Rocio Vegetal De Girasol En Aerosol C&co 120 Gr;$2.100;;;Precio regular: $16.800 x lt;305693
KINDER;Kinder Huevo Rosa 2 U;$1.350;;;Precio regular: $3.375 x 100 gr.;26737
BON O BON;Obleas Bon O Bon Bañadas En Chocolate Con Leche 30 Gr;$468;;;Precio regular: $1.560 x 100 gr.;19740
CUISINE & CO NBE MP;Tostadas Light 200gr C&co;$1.350;;;Precio regular: $6.750 x kg;309298
KRACH-ITOS;Papas Krach-itos Tradicionales X270g;$2.418;;;Precio regular: $8.955,56 x kg;387609
DOS ANCLAS;Bicarbonato De Sodio Dos Anclas 25 Gr;$300;;;Precio regular: $1.200 x 100 gr.;24346
MOGUL;Mogul Frutillas Acidas;$1.132;;;Precio regular: $7.546,67 x kg;310745
FLOW;Barra Flow De Almendras Enteras Con Piso Chocox180g;$1.504,31;;;Precio regular: $8.357,28 x kg;350821
UNION;Mate Cocido Union X 300 Gr;$2.408;;;Precio regular: $8.026,67 x kg;320481
DON VICENTE;Fideos Don Vicente Tallarín X500g;$1.400;;;Precio regular: $2.800 x kg;407185
ROYAL;Gelatina Royal Cereza X25gr;$439;;;Precio regular: $1.756 x 100 gr.;386172
CUISINE & CO NBE MP;Caballa Al Natural Cuisine & Co 380 Gr;$2.317,49;;;Precio regular: $8.712,37 x kg;344579
OREO;Galletitas Dulces Rellenas Con Crema Oreo Vainilla 118g;Llevando 2: $NaN c/u;;;Precio regular: $6.338,98 x kg;330971
MILKA;Chocolate De Leche Aireado Milka 110g;$1.194,58;;;Precio regular: $10.859,82 x kg;330888
LA CAMPAGNOLA;Extracto De Tomate La Campagnola X180g;$754,8;;;Precio regular: $4.193,33 x kg;399972
SUGUS;Caramelos Sugus Masticables 700 Gr;$4.048;;;Precio regular: $5.782,86 x kg;34011
NESCAO;Polvo Chocolatado Nescao X300gr;$635;;;Precio regular: $2.116,67 x kg;167499
COFLER;Chocolate Cofler Block Con Leche 300 Gr;$4.327;;;Precio regular: $14.423,33 x kg;40707
CACHAMATE;Yerba Mate Cachamate Con Palo Amarilla X 1k;$2.782,63;;;Precio regular: $2.782,63 x kg;331429
VIGENTE;Garbanzos Vigente Secos Remojados X340g;$558,76;;;Precio regular: $1.643,41 x kg;395041
LA CAMPAGNOLA;Mermelada La Campagnola Naranja X454g;$1.180;;;Precio regular: $2.599,12 x kg;337050
9 DE ORO;Galletas 9 De Oro Anillitos Coco 120 Gr;$178;;;Precio regular: $1.483,33 x kg;309696
DOS ANCLAS;Pimienta Negra Dos Anclas Molida 25 Gr;$650;;;Precio regular: $2.600 x 100 gr.;40514
GAROTO;Garoto® Bombones Surtidos Caja X 250gr;$2.252,17;;;Precio regular: $9.008,68 x kg;307128
MILKA;Chocolate Con Almendras Milka 55g;$705;;;Precio regular: $12.818,18 x kg;251540
ARCOR;Caramelos Butter Toffees Dulce De Leche 140g;$1.003;;;Precio regular: $7.164,29 x kg;335374
KNORR;Caldo Knorr Sabor Carne X 12 Cubos;$807;;;Precio regular: $7.078,95 x kg;387856
BAGLEY;Galletas Cereales Bagley Salvado X169g;$400;;;Precio regular: $2.366,86 x kg;347929
BIGGYS;Pochoclos Acaramelados X 100g Biggys;$800;;;Precio regular: $8.000 x kg;339063
TERRABUSI;Alfajor Terrabusi Chocolate Clásico 50g;$297,65;;;Precio regular: $595,3 x 100 gr.;17299
KINDER;Kinder Huevo Celeste 20 Gr;$712;;;Precio regular: $3.560 x 100 gr.;31175
GOMES DA COSTA;Atún Lomito En Aceite Gomez Da Costa 120 Gr;$2.002;;;Precio regular: $16.683,33 x kg;2380
Tostitos;Nachos Tostitos 200 Gr;$3.036;;;Precio regular: $15.180 x kg;36338
ALICANTE;Provenzal Alicante St X25gr;$653;;;Precio regular: $2.612 x 100 gr.;336770
NIDINA;Nidina® 2 Leche En Polvo X 800gr;$7.558,39;;;Precio regular: $9.447,99 x kg;407858
MAMA COCINA;Rebozador Para Freir Mamá Cocina 1 Kg;$1.312;;;Precio regular: $1.312 x kg;30320
LA MORENITA;Cafe La Morenita Capsulas Italiano X52g;$5.210;;;Precio regular: $521 x un;346862
SHIVA;Shiva Imentón Ahumado X 100 G Sin Tacc;$1.518;;;Precio regular: $15.180 x kg;336442
CUISINE & CO NBE MP;Sopa Instantánea Sabor Pollo 65 Gr C&co;$1.341;;;Precio regular: $20.630,77 x kg;306818
CUISINE & CO NBE MP;Obleas Sabor Chocolate 100gr C&co;$750;;;Precio regular: $7.500 x kg;305723
CUISINE & CO NBE MP;Crackers Cuisine & Co X 1u;$550;;;Precio regular: $5.445,54 x kg;323745
CUISINE & CO NBE MP;Don Triturado Cuisine & Co (botella);$1.337,68;;;Precio regular: $1.379,05 x kg;308595
SHIVA;Shiva Mediterraneas X 100 G Sin Tacc;$1.549;;;Precio regular: $15.490 x kg;336443
PITUSAS;Galletas Pitusas Mini Frutilla X 160 Gr;$651,05;;;Precio regular: $4.069,06 x kg;304780
CUISINE & CO NBE MP;Tu Polenta - Harina De Maiz Tradicional;$610,43;;;Precio regular: $610,43 x kg;308297
CUISINE & CO NBE MP;Budin Sabor Vainilla Con Chips 170gr C&co;$1.350;;;Precio regular: $7.941,18 x kg;381376
SERENATA;Turrón De Maní Serenata - 70 Gr;$229;;;Precio regular: $3.271,43 x kg;24483
EL BROCAL;Mermelada El Brocal Frutilla Light 400 Gr;$4.650;;;Precio regular: $11.625 x kg;902
GALLO;Risotto Gallo A La Española X240g;$2.496;;;Precio regular: $10.400 x kg;406596
CADBURY;Chocolate Cadbury Tres Sueños 82g;$959,03;;;Precio regular: $11.695,49 x kg;330845
ROSAMONTE;Yerba Mate Rosamonte Con Palo Suave 1 Kg;$2.695,16;;;Precio regular: $2.695,16 x kg;6471
AZAIT;Aceite De Oliva Azait 250 Ml;$3.056,38;;;Precio regular: $12.225,52 x lt;247817
MAGGI;Pure De Papas Maggi Cremoso Orig X125g;$1.204;;;Precio regular: $9.632 x kg;407860
TARAGUI;Té Verde Taragui En Saquitos 20 Saquitos;$438;;;Precio regular: $1.460 x 100 gr.;30825
DOS HERMANOS;Aritos De Arrroz Dos Hermanos Crema Con Cebolla 80 Gr;$650;;;Precio regular: $8.125 x kg;8759
CUISINE & CO NBE MP;Palitos De Maiz Cuisine & Co 150gr;$1.443;;;Precio regular: $9.620 x kg;325697
MENOYO;Vinagre De Alcohol Menoyo 1 L;$750;;;Precio regular: $750 x lt;30615
MENOYO;Vinagre De Alcohol Menoyo 1 L;$750;;;Precio regular: $750 x lt;30615
BIMBO;Pan Con Lino Bimbo X 380g;$2.350;;;Precio regular: $6.103,9 x kg;387644
CABRALES;Cafe Cabrales Capsulas La Planta 7grs X16uni;$3.191,58;;;Precio regular: $199,47 x un;41309
BANANITA DOLCA;Nestlé® Bananita Dolca X 30gr;$578;;;Precio regular: $1.926,67 x 100 gr.;406476
NESTLE;Crunch® Chocolate Crujiente X 80gr;$835,95;;;Precio regular: $10.449,38 x kg;386062
CUISINE & CO NBE MP;Obleas Sabor Limon 100gr Cuisine & Co;$750;;;Precio regular: $7.500 x kg;305780
MENOYO;Vinagre De Vino Menoyo 500 Ml;$650;;;Precio regular: $1.300 x lt;247344
KNORR;Salsa Para Pizza Knorr 340 G;$591;;;Precio regular: $1.738,24 x kg;406305
DONUTS;Galletitas Donuts Leche X52g;$630;;;Precio regular: $12.115,38 x kg;349874
MOGUL;Gomitas Mogul Jelly Buttons 220g;$1.092;;;Precio regular: $4.963,64 x kg;320377
MAMA COCINA;Rebozador Mama Cocina Tipo Panko 400g;$842;;;Precio regular: $2.105 x kg;387482
BON O BON;Bon O Bon Aguila 270 Gr;$3.990;;;Precio regular: $14.777,78 x kg;253987
LA TRANQUERA;Mate Cocido La Tranquera Trad X62,5g;$750;;;Precio regular: $1.200 x kg;400673
LADDU BAR;Barra Laddu Bar Vegana Cocochoco X 30g;$478;;;Precio regular: $1.593,33 x 100 gr.;374130
WAKAS;Pasta Multicereal Wakas Con Kale X250gr.;$2.029;;;Precio regular: $8.116 x kg;287971
Tostitos;Nachos Tostitos X129g;$1.878;;;Precio regular: $14.446,15 x kg;395386
UNION;Yerba Mate Union 4flex 1/2kg;$1.980;;;Precio regular: $3.960 x kg;314523
CUISINE & CO NBE MP;Crackers Cuisine & Co X 5u;$1.080;;;Precio regular: $2.138,61 x kg;323743
OLIOVITA;Aceite De Oliva Oliovita Mediterráneo 500 Ml;$6.955,69;;;Precio regular: $13.911,38 x lt;26781
EXQUISITA;Bizcochuelo Exquisita Vainilla Ft X540g;$2.797;;;Precio regular: $5.179,63 x kg;408899
LA CAMPAGNOLA;Mermelada La Campagnola B.c F Damasco X390g;$900;;;Precio regular: $2.307,69 x kg;340557
MANI KING;Maní Mani King Salado Sin Piel X100g;$630;;;Precio regular: $6.300 x kg;397341
BELDENT;Chicle Menta Beldent Infinit 26,6g;$774;;;Precio regular: $2.866,67 x 100 gr.;385575
PITUSAS;Galletitas Pitusas Mini Black X130g;$618,34;;;Precio regular: $4.756,46 x kg;399806
CELUSAL;Sal Celusal Gruesa X500gr;$477;;;Precio regular: $954 x kg;299278
VERDEFLOR;Yerba Mate Verdeflor Con Palo X 1 Kg-paq-kg-1;$2.614,85;;;Precio regular: $2.614,85 x kg;110356
PREFERIDO;Pan Rallado Preferido Fortificado 500g;$1.200;;;Precio regular: $2.400 x kg;408280
CUISINE & CO NBE MP;Leche En Polvo Descremada C & C 400gr;$3.650;;;Precio regular: $9.125 x kg;331646
CANARIAS;Yerba Canarias Serena 500gr;$4.600,67;;;Precio regular: $9.201,34 x kg;390129
LASFOR;Almohaditas Lasfor Chocolate Suizo 200 Grs;$1.102,77;;;Precio regular: $5.513,85 x kg;331548
NESFIT;Cereal Nesfit® X 220gr;$1.072,74;;;Precio regular: $4.876,09 x kg;339427
LA CAMPAGNOLA;Mermelada La Campagnola Selección Frutilla X39;$2.144;;;Precio regular: $5.497,44 x kg;342894
MAMA COCINA;Rebozador Mamá Cocina Para Horno 1 Kg;$1.650;;;Precio regular: $1.650 x kg;30206
CUISINE & CO NBE MP;Choclo cuisine & Co 170gr;$1.550;;;Precio regular: $9.117,65 x kg;329901
KRACH-ITOS;Chizitos Krach-itos Sabor Queso X170g;$1.345;;;Precio regular: $7.911,76 x kg;387599
KINDER;Kinder Huevo Rosa 20 Gr;$712;;;Precio regular: $3.560 x 100 gr.;26686
SUGUS;Mast.ftales.arcor 36x120g;$407;;;Precio regular: $3.391,67 x kg;350362
KRACH-ITOS;Palitos Krach-itos Salados X70g;$523;;;Precio regular: $7.471,43 x kg;387601
ZUCARITAS;Copos De Maiz Zucarita Kelloggs X240g;$1.572;;;Precio regular: $6.550 x kg;392159
BIMBO;Pan Par Pancho De Papa Artesano Bimbo 240g;$1.658;;;Precio regular: $6.908,33 x kg;403601
LA CAMPAGNOLA;Salsa Barbacoa La Campagnola;Llevando 2: $NaN c/u;;;Precio regular: $2.356 x kg;293058
CUISINE & CO NBE MP;Tostadas Finas salvado 140 Gr Cuisine & Co;$1.700;;;Precio regular: $12.142,86 x kg;309294
MUECAS;Barra De Cereal Muecas Cacao 45gr;$800;;;Precio regular: $1.777,78 x 100 gr.;399779
MOGUL;Gomitas Mogul Frutales 50g;$392;;;Precio regular: $784 x 100 gr.;320372
HILERET;Endulzante Hileret Zucra X 200 Ml;$1.852;;;Precio regular: $9.260 x lt;22430
CROWIE;Barritas Arroz X 3 Unid - Marroc;$769;;;Precio regular: $6.408,33 x 100 gr.;309043
DOS HERMANOS;Galletas De Arroz Dos Hermanos Con Sal 120 Gr;$440,29;;;Precio regular: $3.669,08 x kg;8761
BARILLA;Fideos Bavette Barilla 500 Gr;$5.868,15;;;Precio regular: $11.736,3 x kg;27822
Crisppino;Galletitas Snack Crisppino Mini Queso 50 Gr;$401,77;;;Precio regular: $803,54 x 100 gr.;23080
9 DE ORO;Galleta 9 De Oro Chocolate Rellena Limon X 120 Gr;$357;;;Precio regular: $2.975 x kg;311515
LACTAL;Pan De Hamburguesa Lactal X 210g;$826;;;Precio regular: $3.933,33 x kg;386828
OLIOVITA;Aceite De Oliva Oliovita Clasica 1 L;$16.980,65;;;Precio regular: $16.980,65 x lt;293789
LA VIRGINIA;Te La Virginia Naturalidad Intacta X25 Saquitos;$431;;;Precio regular: $17,24 x un;336663
LA TRANQUERA;Mate Cocido La Tranquera Trad X125g;$830;;;Precio regular: $6.640 x kg;400679
PITUSAS;Galletas Pitusas Mini Vainilla X 160 Gr;$651,05;;;Precio regular: $4.069,06 x kg;304777
ARCOR;Salsa Arcor Bolognesa X340g;$471;;;Precio regular: $1.385,29 x kg;389592
BON O BON;Alfajor Bon O Bon Mini 117 Grs;$1.203;;;Precio regular: $10.282,05 x kg;348457
9 DE ORO;Galletas Rellenas 9 De Galleta 9 De Oro Chocolate Rellena Chocolate X 120 Gr;$357;;;Precio regular: $2.975 x kg;311512
ARCOR;Mermelada Arcor Light Frutilla X390g;$1.617;;;Precio regular: $4.146,15 x kg;340589
INALPA;Lentejas Inalpa Secas X300g;$750;;;Precio regular: $2.500 x kg;349145
ARROCITAS;Galletas De Arroz Arrocitas 3 Cereales 101 Gr;$560;;;Precio regular: $5.544,55 x kg;26535
TARAGUI;Yerba Mate Taragui 4flex 1/2kg;$1.850;;;Precio regular: $3.700 x kg;314522
LAVAZZA;Café Molido Lavazza Crema E Gusto X250gr;$6.621,54;;;Precio regular: $26.486,16 x kg;308379
LA TRANQUERA;Yerba La Tranquera Selección Especial -1 Kg;$3.050;;;Precio regular: $3.050 x kg;320349
LADDU BAR;Barra Laddu Bar Vegana Coco X 30g;$478;;;Precio regular: $1.593,33 x 100 gr.;374137
BARILLA;Fideos Spaghettoni Barilla 500 Gr;$5.868,15;;;Precio regular: $11.736,3 x kg;2956
NESCAFE;Nescafé® Dolca Suave X 170gr;$2.370;;;Precio regular: $13.941,18 x kg;407840
KINDER;Huevo Kinder Joy T2 Box Cr Lei 40g;$1.479;;;Precio regular: $3.697,5 x 100 gr.;339286
CASALTA;Aceto Balsámico Casalta Clásico 400 Ml;$3.400;;;Precio regular: $8.500 x lt;46807
MORIXE;Bizcochuelo Morixe Vainilla 540 Gr;$806;;;Precio regular: $1.492,59 x kg;391069
CUISINE&CO NBE;Miel De Abejas Cuisine&co 500gr;$2.850;;;Precio regular: $5.700 x kg;395308
DANICA;Ketchup Danica X220g;$245,2;$377,23;-35%;Precio regular: $1.714,68 x kg;400248
9 DE ORO;Bizcochos 9 De Oro Light 170 Gr;$1.297;;;Precio regular: $7.629,41 x kg;6089
Crisppino;Galletitas Snack Crisppino Mini Crema Y Ciboulette 50 Gr;$401,77;;;Precio regular: $803,54 x 100 gr.;23084
JORGITO;Alfajores Mini Negros Con Mousse Jorgito 128 Gr;$1.359,06;;;Precio regular: $10.617,66 x kg;24644
ARCOR;Mermelada Arcor Light F Naranja X390g;$996;;;Precio regular: $2.553,85 x kg;340593
GALLO;Risotto Gallo 4 Quesos X240g;$2.464;;;Precio regular: $10.266,67 x kg;406584
KNORR;Salsa Pomarola Tradicional Knorr 340 G;$484;;;Precio regular: $1.423,53 x kg;406317
MAIZENA;Almidon De Maiz Maizena Sin Tacc X200g;$624;;;Precio regular: $2.836,36 x kg;392943
EQUALSWEET;Edulcorante Equalsweet Stevia 40gr;$1.538;;;Precio regular: $3.845 x 100 gr.;158211
9 DE ORO;Galleta 9 De Oro Vainilla Relleno Limon X 120 Gr;$396;;;Precio regular: $3.300 x kg;311514
DON SATUR;Budin Don Satur Vainilla X190gr;$710;;;Precio regular: $3.736,84 x kg;299646
BON O BON;Pasta De Mani Bon O Bon 290gr;$1.784;;;Precio regular: $6.151,72 x kg;335350
9 DE ORO;Cookies 9 De Oro Chips Colores 120gr;$397;;;Precio regular: $3.308,33 x kg;323584
9 DE ORO;Budin 9 De Oro Marmolado 170gr;$719;;;Precio regular: $4.229,41 x kg;336040
CACHAFAZ;Alfajores De Chocolate Con Leche Cachafaz Relleno 294 Gr 6 U;$6.098;;;Precio regular: $20.741,5 x kg;31638
HELLMANN´S;Mayonesa Hellmanns Tipo Casera X445g;$1.335;;;Precio regular: $2.670 x kg;350088
COWS PURE;Ghee Manteca Clarificada Cow's Pure 300g;$4.525;;;Precio regular: $15.083,33 x kg;330004
KNORR;Condimento Sabor Al Horno Knorr Cebolla Y Ajo 21 G;$525;;;Precio regular: $2.500 x 100 gr.;336106
AGUILA;Alfajor Aguila Minitorta Blanco X69g;$603;;;Precio regular: $873,91 x kg;396983
HILERET;Endulzante Hileret Sweet X 400 Ml;$2.442;;;Precio regular: $6.105 x lt;22345
CRIOLLITAS;Tostadas Crio Arroz 110g;$924;;;Precio regular: $8.400 x kg;315172
HILERET;Endulzante Hileret Stevia X 50 Sobrecitos;$1.792;;;Precio regular: $4.480 x 100 gr.;39611
COFFEE-MATE;Coffee Mate® Suave X 170gr;$841,1;;;Precio regular: $4.947,65 x kg;17632
ALICANTE;Oregano Alicante St X25gr;$761;;;Precio regular: $3.044 x 100 gr.;336769
STANI;Palitos De La Selva 660gr;$5.139,94;;;Precio regular: $7.787,79 x kg;335527
CABRALES;Cafe Cabrales Espressarte Deciso 55 Gr;$5.418,24;;;Precio regular: $98.513,45 x kg;24978
CUISINE & CO NBE MP;Yerba Mate Cuisine & Co 1 Kg;$3.900;;;Precio regular: $3.900 x kg;385130
INTEGRA;Barra Integra Avena Banana Arand 40g;$561;;;Precio regular: $1.402,5 x 100 gr.;404477
ROMANCE;Yerba Mate Romance Con Palo Original X1kg;$3.952;;;Precio regular: $3.952 x kg;392479
LA TRANQUERA;Yerba Mate La Tranquera Suave Seleccion Especial X500g;$840;;;Precio regular: $1.680 x kg;346022
GEORGALOS;Postre Nucrem Georgalos - 84 Gr;$595;;;Precio regular: $7.083,33 x kg;11067
TARAGUI;Té Taragui Diamantado 25 Saquitos;$517;;;Precio regular: $1.034 x 100 gr.;348531
KRACH-ITOS;Papas Krach-itos Tradicionales X115g;$1.331;;;Precio regular: $11.573,91 x kg;387687
NESCAFE;Nescafé® Dolca Cookies & Cream X 125gr;$992,39;2do al 70%;Llevando 2: $645,05 c/u;Precio regular: $7.939,12 x kg;395572
MANI KING;Mani King Chef Sabor Crema Y Cebolla X80gr;$589;;;Precio regular: $7.362,5 x kg;382921
BIMBO;Vainillas Bimbo X 6u;$379;;;Precio regular: $5.053,33 x kg;389440
LASFOR;Almohaditas Lasfor Avellana 200 Grs;$1.102,77;;;Precio regular: $5.513,85 x kg;331546
BON O BON;Barra De Mani Bon O Bon Postre X95g;$1.121;;;Precio regular: $11.800 x kg;404310
CRIOLLITAS;Tostadas Criollitas Sin Sal 195gr;$698;;;Precio regular: $3.579,49 x kg;325721
CACHAMAI;Té Cachamai Hierbas Digestivas En Saquitos X 20 Un;$423,56;;;Precio regular: $1.411,87 x 100 gr.;40406
CUISINE & CO NBE MP;Leche En Polvo Entera C & C 400gr;$3.650;;;Precio regular: $9.125 x kg;331644
VIGENTE;Arvejas Vigente Secas Remojadas X340g;$320;;;Precio regular: $941,18 x kg;395039
EL BROCAL;Mermelada El Brocal Frutos Rojos 420 Gr;$3.850;;;Precio regular: $9.166,67 x kg;24038
NOBLEZA GAUCHA;Yerba Mate Selección Nobleza Gaucha X500 Gr;$1.326;;;Precio regular: $2.652 x kg;311226
LA PARMESANA;Salsa De Soja La Parmesana 300 Gr;$700,62;$1.077,88;-35%;Precio regular: $3.592,93 x kg;568
ALICANTE;Canela Alicante St X25g;$962;;;Precio regular: $3.848 x 100 gr.;342889
CUISINE & CO NBE MP;Fideos Cabello De Angel C&c 500gr;$1.638;;;Precio regular: $3.276 x kg;338133
VALENTE;Vainillas Valente X 12u;$612;;;Precio regular: $4.135,14 x kg;389442
DOS HERMANOS;Arroz Dos Hermanos Yamani;$2.010,85;;;Precio regular: $4.021,7 x kg;45446
ARLISTAN;Café Arlistan Suave Mas Aroma X170g;$3.876;;;Precio regular: $22.800 x kg;407873
TARAGUI;Mate Cocido Taragui X 75 Gr;$741;;;Precio regular: $9.880 x kg;320477
AMANDA;Yerba Mate Amanda Serranas X500gg;$1.450;;;Precio regular: $2.900 x kg;347029
GALLO;Arroz Preparado Gallo Verdeo X 240 Gr;$617;;;Precio regular: $2.570,83 x kg;306945
NESCAFE;Nescafé® Dolca Choco Mocha X 125gr;$1.098,99;;;Precio regular: $8.791,92 x kg;350020
CROWIE;Barrita De Arroz Crowie Chocolate Blanco 3 U;$769;;;Precio regular: $6.408,33 x 100 gr.;254421
LA CAMPAGNOLA;Mayonesa La Campagnola X500gr;$866;;;Precio regular: $1.732 x kg;349206
MOGUL;Gomitas Mogul Frutillas Acidas X500gr;$3.430;;;Precio regular: $6.860 x kg;296181
BARILOCHE;Turron Bariloche Mani Crocante Tableta 100 Gr;$862;;;Precio regular: $8.620 x kg;40619
ALICANTE;Comino Alicante St X25g;$711;;;Precio regular: $2.844 x 100 gr.;342877
MOGUL;Gomitas Mogul Eucaliptus 220g;$1.092;;;Precio regular: $4.963,64 x kg;320375
DOS HERMANOS;Galletas De Arroz Dos Hermanos Sin Sal 120 Gr;$440,29;;;Precio regular: $3.669,08 x kg;8770
CUISINE & CO NBE MP;Bolitas De Chocolate 200gr Cuisine&co  sin Tacc;$1.250;;;Precio regular: $6.250 x kg;389689
ROYAL;Flan Royal Vainilla 60g;$348;;;Precio regular: $2.175 x 100 gr.;389919
EXQUISITA;Budín Exquisita Vainilla X300g;$1.170;;;Precio regular: $3.900 x kg;395892
KANSAS;Ketchup Kansas 465 Gr;$1.013,32;$1.558,96;-35%;Precio regular: $3.352,6 x kg;319006
CUISINE & CO NBE MP;Galletitas Mini Marineras Con Semillas 2;$479,56;;;Precio regular: $2.179,82 x kg;308617
ROYAL;Mousse Royal Chocolate 65g;$473;;;Precio regular: $7.276,92 x kg;389912
GALLO;Arroz Integral Organico 500grs.;$1.235,49;;;Precio regular: $2.470,98 x kg;385628
TARAGUI;Té Taragui Internacional 25 Saquitos;$1.018;;;Precio regular: $2.036 x 100 gr.;17226
ALICANTE;Azafran Alicante St 2/2dg;$2.750;;;Precio regular: $1375 x un;342873
CUISINE & CO NBE MP;Miss Hojaldre - Larguitas Cuisine & Co;$1.050;;;Precio regular: $7.000 x kg;309264
ARCOR;Surtido Arcor Seleccion 247g;$3.760;;;Precio regular: $15.222,67 x kg;330361
TARAGUI;Té Taragui Frutas Rojas 20 Saquitos;$901;;;Precio regular: $2.252,5 x 100 gr.;19441
OLIOVITA;Aceite De Oliva Oliovita Clásico 250 Ml;$4.946,28;;;Precio regular: $19.785,12 x lt;21129
EQUALSWEET;Endulzante Equalsweet En Polvo Sobres 80 Gr;$2.270;;;Precio regular: $28.375 x kg;1073
DOS ANCLAS;Salsa Dos Anclas Caesar X350g;$1.332,5;$2.050;-35%;Precio regular: $5.857,14 x kg;349226
MANI KING;Maní Mani King Salado Sin Piel X350g;$2.488;;;Precio regular: $7.108,57 x kg;400066
BIMBO;Madalenas Vainilla Bimbo X 200g;$777;;;Precio regular: $3.885 x kg;387534
JUMBO MP;Té Negro Jumbo - 100 Saquitos;$617,5;;;Precio regular: $3.087,5 x kg;33588
WAKAS;Pasta Multicereal Wakas 250 Gr;$2.029;;;Precio regular: $8.116 x kg;8193
GALLO;Oblea De Arroz Gallo Snacks 6u;$2.516;;;Precio regular: $419,33 x un;331865
ARCOR;Cereales Guardianes Cocodrilo X145g;$582;;;Precio regular: $4.157,14 x kg;382982
MANTECADAS;Galletitas Mini Mantecadas 170 Gr;$533,89;;;Precio regular: $3.140,53 x kg;315430
AGUILA;Aguila Baño De Reposteria Sin Amargo150g;$733;;;Precio regular: $4.886,67 x kg;335352
WAKAS;Pasta Multicereal Wakas Con Chia 250gr;$2.029;;;Precio regular: $8.116 x kg;256210
LACTAL;Pan De Salvado Lactal X 560g;$2.189;;;Precio regular: $3.908,93 x kg;386826
VAUQUITA;Tableta Vauquita Light 22 Gr;$248,65;;;Precio regular: $1.130,23 x 100 gr.;148618
MILKA;Chocolate Con Almendras Milka 155g;$2.704;;;Precio regular: $17.445,16 x kg;25834
ARCOR;Gomitas Mogul Conitos Yogus 500g;$2.252;;;Precio regular: $4.504 x kg;335723
AMANDA;Yerba Mate Amanda Selección Especial 1kg;$3.150;;;Precio regular: $3.150 x kg;26493
CHOCOARROZ;Alfajor Chocoarroz Marroc 22g;$520;;;Precio regular: $2.363,64 x 100 gr.;330558
CUISINE & CO NBE MP;Budin Marmolado 170gr Cuisine&co;$1.350;;;Precio regular: $7.941,18 x kg;381372
NUCETE;Aceite Nucete Rocio Vegetal De Oliva 120 Gr;$2.266,95;;;Precio regular: $18.891,25 x kg;255822
CADBURY;Chocolate Con Almendras Cadbury 82g;$1.484;;;Precio regular: $18.097,56 x kg;330842
BON O BON;Obleas Bon O Bon Bañadas En Chocolate Blanco 30 Gr;$443;;;Precio regular: $1.476,67 x 100 gr.;19847
NUTELLA;Nutella 140gr;$1.130;;;Precio regular: $8.071,43 x kg;42602
ARCOR;Mermelada Arcor Light Ciruela X390g;$996;;;Precio regular: $2.553,85 x kg;340592
FORMIS;Galletitas Polvorita Chocolate-vainilla 81g;$260;;;Precio regular: $3.209,88 x kg;386134
BIMBO;Madalenas Chocolate Rellenas Con Ddl Bimbo | 180g;$777;;;Precio regular: $4.089,47 x kg;387529
CRAZY;Chupetin Crazy Pop Frutilla X 12 Gr;$442;;;Precio regular: $3.683,33 x 100 gr.;152356
NESTLE;Nestlé® Diplomata Chocolate Con Castañas X 80 Gr;$741,18;;;Precio regular: $9.264,75 x kg;386061
LASFOR;Granola Lasfor Almendras Y Pasas X350gr;$2.344,94;;;Precio regular: $6.699,83 x kg;339592
NESTLE;Nestlé® Classic Duo Chocolate X 80gr;$882,92;;;Precio regular: $11.036,5 x kg;386060
ARCOR;Turrón Arcor De Maní X 280 Gr.;$2.517;;;Precio regular: $8.989,29 x kg;21934
HOJALMAR;Galletitas Hojalmar Palmeritas De Hojaldre 150 Gr;$481;;;Precio regular: $3.206,67 x kg;122626
CUISINE & CO NBE MP;Sopa Instantánea Sabor Carne 65 Gr C&co;$1.341;;;Precio regular: $20.630,77 x kg;306819
PASEO;Galletitas Paseo Crackers Zapallo 150 Gr;$395;;;Precio regular: $2.633,33 x kg;309694
CEREAL MIX;Barra Cereal Mix Placeres Chocolate 23 Gr;$280;;;Precio regular: $1.217,39 x 100 gr.;10711
ARCOR;Caramelos Butter Toffees Chocolate 140g;$1.003;;;Precio regular: $7.164,29 x kg;335375
CUISINE & CO NBE MP;Anillitos Frutales 200gr Cuisine&co Sin Tacc;$1.150;;;Precio regular: $5.750 x kg;389688
GALLO;Risotto Gallo Primavera X240g;$2.496;;;Precio regular: $10.400 x kg;406600
9 DE ORO;Pepas 9 De Oro Membrillo X500g;$1.587,59;;;Precio regular: $8.819,94 x kg;402199
CRUZ DE MALTA;Mate Cruz De Malta Tradicional Sin Tacc X1kg;$3.125;;;Precio regular: $3.125 x kg;345552
ARCOR;Salsa Arcor Rosa X340g;$471;;;Precio regular: $1.385,29 x kg;389597
GEORGALOS;Flynn Bolsa Surtida 128 Grs;$472,61;;;Precio regular: $3.692,27 x kg;325694
LA VIRGINIA;Cafe La Virginia Capsulas Intenso X52g;$3.915;;;Precio regular: $391,50 x un;346859
TRIO;Pepas Alemanas Trio 300gr;$993;;;Precio regular: $3.310 x kg;322181
HELLMANN´S;Aderezo Hellmanns Vegana X500g;$1.020;;;Precio regular: $2.040 x kg;352160
CUISINE & CO NBE MP;Budin Sabor Vainilla 170gr Cuisine&co;$1.350;;;Precio regular: $7.941,18 x kg;381391
TARAGUI;Té Taragui Boldo 25 Saquitos;$477;;;Precio regular: $1.272 x 100 gr.;2791
FRUTTY;Snack Frutty Manzana Roja Deshidratada X18g;$277,35;;;Precio regular: $1.540,83 x 100 gr.;392970
HILERET;Endulzante Hileret Zucra X 200 Sobres;$4.290;;;Precio regular: $26.812,5 x kg;1869
OLIOVITA;Aceite De Oliva Oliovita Gourmet X500ml;$9.542,94;;;Precio regular: $19.085,88 x lt;395052
LASFOR;Almohaditas Lasfor Crema Frutilla 200 Grs;$1.102,77;;;Precio regular: $5.513,85 x kg;331524
RONDA;Galletas Ronda Triangulitos X150g;$425;;;Precio regular: $2.833,33 x kg;347302
CASTELL;Alcaparras Castell 75gr;$3.742,96;;;Precio regular: $49.906,13 x kg;391280
MANI KING;Mani King Chef Sabor Limon Y Pimienta X80gr;$589;;;Precio regular: $7.362,5 x kg;382926
CABRALES;Capulas Cabrales Colombia X55g;$4.980,66;;;Precio regular: $90.557,45 x kg;335433
SCOTTI;Arroz Scotti Carnaroli 500 Gr;$6.109;;;Precio regular: $12.218 x kg;2277
BAUDUCCO;Pan Blanco Bauducco 400g;$1.155,01;;;Precio regular: $2.887,52 x kg;392387
LA ESPAÑOLA;Aceite De Oliva La Española Extra Virgen 250 Ml;$6.136;;;Precio regular: $24.544 x lt;12876
ARCOR;Confites Arcor Navidad De Manoi Paquete 120 Gr;$971;;;Precio regular: $12.137,5 x kg;24341
FLYNN PAFF;Gomitas Flynn Paff Tutti Frutti;$182,83;;;Precio regular: $609,43 x 100 gr.;343565
MILKA;Chocolate Con Castañas Milka 155g;$2.704;;;Precio regular: $17.445,16 x kg;25806
EL BROCAL;Mermelada El Brocal Naranja 420 Gr;$3.850;;;Precio regular: $9.166,67 x kg;454
Crisppino;Snack Crisppino Mini Oliva Y Hierbas Bolsa X 50gr;$401,77;;;Precio regular: $803,54 x 100 gr.;238456
CUISINE & CO NBE MP;Caballa En Aceite Cuisine & Co 380 Gr;$2.317,49;;;Precio regular: $8.712,37 x kg;344580
ALICANTE;Condimento Alicante Pizza X50gr;$1.118;;;Precio regular: $2.236 x 100 gr.;339387
CBSE;Yerba Mate Cbse Guarana X500g;$1.089,09;$1.555,85;-30%;Precio regular: $3.111,7 x kg;331017
PASEO;Galletitas De Agua Paseo Crackers 300 Gr;$1.223;;;Precio regular: $4.076,67 x kg;2246
DOS HERMANOS;Arroz Dos Hemanos Parboil 1 Kg;$2.702;;;Precio regular: $2.702 x kg;20138
VERDEFLOR;Yerba Verdeflor Cedron 500 Grs;$1.664;;;Precio regular: $3.328 x kg;331206
ALICANTE;Laurel Alicante Hoja X10g;$932;;;Precio regular: $9.320 x 100 gr.;345494
MAGGI;Maggi® Caldo Carne X 12u.;$359,69;;;Precio regular: $3.155,18 x kg;342713
9 DE ORO;Galleta 9 De Oro Vainilla Relleno Chocolate X 120 Gr;$396;;;Precio regular: $3.300 x kg;311513
KNORR;Salsa De Tomate Deshidratado Knorr X60g;$397,15;$611;-35%;Precio regular: $10.183,33 x kg;347282
CADBURY;Chocolate Cadbury Intense 25g;$488;;;Precio regular: $1.952 x 100 gr.;330850
KNORR;Caldo Knorr De Verduras X 6 Cubos;$457;;;Precio regular: $8.017,54 x kg;387858
LA BLANCA;Paté La Blanca 90 Gr;$438;;;Precio regular: $4.866,67 x kg;148264
CUISINE & CO NBE MP;Hummus Cuisine & Co Clasico 230 Gr;$1.638;;;Precio regular: $7.121,74 x kg;396879
CUISINE & CO NBE MP;Aceite De Oliva Organico 250ml Cuisine & Co;$10.000;;;Precio regular: $40.000 x lt;352426
CUISINE & CO NBE MP;Yerba Mate Con Hierbas C&co 0,5kg;$1.950;;;Precio regular: $3.900 x kg;385125
AGUILA;Relleno Aguila Nut Avellanas 290g;$1.784;;;Precio regular: $6.151,72 x kg;335357
NESCAFE;Nescafé® Dolca Cortado X 125gr;$954,59;;;Precio regular: $7.636,72 x kg;348288
DOS ANCLAS;Pimienta Negra Dos Anclas En Grano 50 Gr;$1.450;;;Precio regular: $2.900 x 100 gr.;40405
CUISINE & CO NBE MP;Galletitas Chocofest Cuisine & Co 170 Gr;$1.100;;;Precio regular: $6.470,59 x kg;309189
TODDY;Alfajor Toddy Negro Con Ddl X60g;$452,58;;;Precio regular: $754,3 x kg;399935
LA LECHERA;La Lechera® Nutrifuerza X 400gr;Llevando 2: $NaN c/u;;;Precio regular: $6.452,08 x kg;392438
CRUZ DE MALTA;Yerba Mate Selección Especial Cruz De Malta X1kg;$3.350;;;Precio regular: $3.350 x kg;311222
BON BON;Bon O Bon Chocolinas 270 Gr;$3.979;;;Precio regular: $14.737,04 x kg;237392
KELLOGG´S;Cereal Kellogs Choco Krispis 240g;$1.620,69;;;Precio regular: $6.752,88 x kg;386022
FLYNN PAFF;Gomitas Flynn Paff Surtidas;$195,62;;;Precio regular: $6.520,67 x kg;343567
LA CAMPAGNOLA;Aderezo Ketchup Hot La Campagnola 250 Gr;Llevando 2: $NaN c/u;;;Precio regular: $1.968 x kg;30102
MAGGI;Maggi® Caldo Gallina X 6u.;$160,34;;;Precio regular: $2.812,98 x kg;344845
SNUKS;Almohaditas Snuks Rellenas Avellana X240gr;$2.017;;;Precio regular: $8.404,17 x kg;330874
PASEO;Galletitas De Agua Paseo Sin Sal 300 Gr;$1.223;;;Precio regular: $4.076,67 x kg;9299
QUAKER;Barra Quaker Mousse De Chocolate 180 Gr;$1.270,65;;;Precio regular: $8.145,19 x kg;4535
DOS ANCLAS;Esencia De Vainilla Dos Anclas 100 Cc;$950;;;Precio regular: $9.500 x lt;24100
PATAGONIA BERRIES;Dulce Patagonia Berries Frutilla 350 Gr;$2.250,76;$3.462,7;-35%;Precio regular: $9.893,43 x kg;703
CACHAFAZ;Alfajores Chocolate Blanco Cachafaz 6 Unidades 360 Gr;$6.098;;;Precio regular: $16.938,89 x kg;24126
CUISINE & CO NBE MP;Galletitas Mini Marineras Light 220 Gr C;$479,56;;;Precio regular: $2.179,82 x kg;308854
CUISINE & CO NBE MP;Sopa Instantánea Sabor Camarón 65 Gr C&co;$1.341;;;Precio regular: $20.630,77 x kg;306817
MUTTI;Pure De Tomate Mutti Passata 700 Gr;$6.566,25;;;Precio regular: $9.380,36 x kg;12544
BARILLA;Fideos Barilla Largos De Sémola Spaghettini N°3 500 Gr;$5.868,15;;;Precio regular: $11.736,3 x kg;2960
DOS ANCLAS;Oregano Dos Anclas X25g;$500;;;Precio regular: $2.000 x 100 gr.;354803
GEORGALOS;Postre Georgalos Nucrem X150g;$1.075;;;Precio regular: $7.166,67 x kg;339829
ARCOR;Cereales Guardianes Estrella X145g;$685;;;Precio regular: $4.724,14 x kg;382986
NISSIN;Comidas Instantáneas Nissin Ramen Pollo X 109 Gr.;$1.014;;;Precio regular: $9.302,75 x kg;137482
LA VIRGINIA;Saborizador Alicante Panceta Y Hierb 4s;$902;;;Precio regular: $225,50 x un;336156
TRIX;Trix® Cereal X 230gr;$1.263,32;;;Precio regular: $5.492,7 x kg;347718
CASALTA;Aceto Casalta Tipo Reduccion X500ml;$6.650;;;Precio regular: $13.300 x lt;392859
KINDER;Huevo Kinder Joy 2 U;$1.479;;;Precio regular: $3.697,5 x 100 gr.;250476
AGLU;Rebozador Aglu Para Celiacos;$967,2;;;Precio regular: $2.149,33 x kg;4091
VAUQUITA;Tableta Vauquita Light 4 U;$999,52;;;Precio regular: $11.358,18 x kg;148604
CUISINE&CO NBE;Miel De Abejas Cuisine&co 250gr;$1.600;;;Precio regular: $6.400 x kg;395306
HILERET;Endulzante Hileret Mate Liquido X200cc;$1.168;;;Precio regular: $5.840 x lt;330434
SINFONIA OBLEA;Oblea Sinfonia Clasica X100gr;$251,62;;;Precio regular: $2.516,2 x kg;301536
BIMBO;Budin Bimbo Relleno Ddl X220g;$740;;;Precio regular: $3.363,64 x kg;390046
VALENTE;Madalenas Chips De Chocolate Valente X 180g;$711;;;Precio regular: $3.950 x kg;387540
NESTLE;Nestlé® Chocolate Con Maní X 33gr;$280,05;;;Precio regular: $848,64 x 100 gr.;331404
HILERET;Endulzante Hileret Clasico Forte X 50 Sobrecitos;$1.025;;;Precio regular: $20,50 x un;331210
Molinos Ala;Cracker Molinos Ala Dips Arroz Sin Tacc 100g;$650,18;;;Precio regular: $6.501,8 x kg;386769
CUISINE & CO NBE MP;Te Boldo C/sob C&co 25 Saq 37,5 Gr;$1.350;;;Precio regular: $3.600 x 100 gr.;385126
GRANIX;Granola Granix Cereal, Coco Y Miel 350g;$973,37;;;Precio regular: $2.781,06 x kg;318092
MILKA;Chocolate Blanco Milka Oreo 155g;$2.704;;;Precio regular: $17.445,16 x kg;25826
CUISINE & CO NBE MP;Te Mezcla C/sob C&co 25 Saq 37,5 Gr;$1.050;;;Precio regular: $2.800 x 100 gr.;385128
EXQUISITA;Cookies Exquisita Vainilla C/chips X300g;$1.553;;;Precio regular: $5.176,67 x kg;338082
CBSE;Yerba Mate Cbse Jengibre X500;$1.089,09;$1.555,85;-30%;Precio regular: $3.111,7 x kg;331020
LA CAMPAGNOLA;Pimenton La Campagnola X48g;$662;;;Precio regular: $1.379,17 x 100 gr.;349502
DOS HERMANOS;Arroz Dos Hos Grano Largo Aromatico 500 Gr;$1.987,09;;;Precio regular: $3.974,18 x kg;263410
ROCKLET´S;Chocolate Rocklets 44 G;$637;;;Precio regular: $1.447,73 x 100 gr.;350405
ARTESANO;Turrón Artesano;$4.990;;;Precio regular: $33.266,67 x kg;169831
MANTECOL;Postre Mantecol 41g;$410,8;;;Precio regular: $1.001,95 x 100 gr.;330839
DOS ANCLAS;Azucar Impalpable Dos Anclasx300g;$1.650;;;Precio regular: $5.500 x kg;347328
KNORR;Condimento Sabor Al Horno Knorr Romero Y Tomillo 21 G;$525;;;Precio regular: $2.500 x 100 gr.;336107
PATAGONIA BERRIES;Dulce Patagonia Berries Frutos Del Bosque 350 Gr;$2.866,19;$4.409,53;-35%;Precio regular: $12.598,66 x kg;12643
SNUKS;Almohaditas Snuks Rellenas Chocolate X240gr;$2.017;;;Precio regular: $8.404,17 x kg;330877
DOS ANCLAS;Salsa Dos Anclas Caesar Light X360gr;$1.397,5;$2.150;-35%;Precio regular: $5.972,22 x kg;349227
MAMA COCINA;Rebozador Para Freir Mamá Cocina 500 Gr;$640;;;Precio regular: $1.280 x kg;30084
ROYAL;Postre Royal Chocolate 50g;$453;;;Precio regular: $906 x 100 gr.;389918
FLOW;Barra Flow De Almendras X180g;$1.504,31;;;Precio regular: $8.357,28 x kg;350817
AMANDA;Yerba Amanda Con Palo;$1.700;;;Precio regular: $3.400 x kg;26448
DONUTS;Galletitas Donuts Choco Blanco X52g;$983;;;Precio regular: $18.903,85 x kg;349871
TARAGUI;Té Taragui Aromático En Saquitos Tilo Silvestre Est 10 Un.;$503;;;Precio regular: $50,30 x un;348570
ROSAMONTE;Yerba Rosamonte 55 Edicion Con Palo 500g;$1.756,31;;;Precio regular: $3.512,62 x kg;336145
MACROBIOTICA;Galletas De Arroz Macrobiotica De Sésamo Y Lino 102 Gr;$425;;;Precio regular: $4.166,67 x kg;26316
CUISINE & CO NBE MP;Obleas Clasicas Sabor Naranja 100 Gr Cuisine & Co;$750;;;Precio regular: $7.500 x kg;305707
ARROCITAS;Galletas Arrocitas De Arroz Sésamo Y Lino Sin Sal 101 Gr;$446;;;Precio regular: $4.415,84 x kg;26376
BABY DOLL;Chupetines Baby Doll Frutales 6 G Blister 4 U;$415,1;;;Precio regular: $103,78 x un;18918
BEEPURE;Miel Clasica Premium Beepure X900g;$3.659,66;;;Precio regular: $4.066,29 x kg;347761
LA PARMESANA;Albahaca La Parmesana 20 Gr;$236,22;;;Precio regular: $1.181,1 x 100 gr.;20593
KRACH-ITOS;Manì Krach-itos Pelado Salado X110g;$945;;;Precio regular: $8.289,47 x kg;387598
;;;;;;337028
CUISINE & CO NBE MP;Vinagre De Vino Cuisine & Co 500cc;$800;;;Precio regular: $1.600 x lt;330205
CBSE;Yerba Mate Cbsé Limon X500g;$1.068,15;$1.525,93;-30%;Precio regular: $3.051,86 x kg;331012
KRACH-ITOS;Papas Krach-itos Sin Sal X55g;$859;;;Precio regular: $15.070,18 x kg;387607
CACHAMATE;Yerba Mate Cachamate Suave Naranja 500 Gr;$1.351,28;;;Precio regular: $2.702,56 x kg;14982
ALICANTE;Aji Molido Alicante X25gr;$509;;;Precio regular: $2.036 x 100 gr.;339381
SMAMS;Galletitas Smams Crackers Mix De Semillas X150;$1.508;;;Precio regular: $10.053,33 x kg;260017
MANI KING;Mani King Chef Sabor Panceta X80gr;$589;;;Precio regular: $7.362,5 x kg;382941
ARCOR;Turrón Arcor De Maní X 120 Gr.;$1.240;;;Precio regular: $10.333,33 x kg;21686
ALELUYA;Miel Aleluya Untable Sin Tacc X500g;$2.940,81;;;Precio regular: $5.881,62 x kg;314852
TARAGUI;Yerba Mate Taragui 4flex Sin Palo 1kg;$3.925;;;Precio regular: $3.925 x kg;318732
CUISINE & CO NBE MP;Papas Chips Crema Y Cebolla 140 Gr Cuisine & Co;$2.587;;;Precio regular: $18.478,57 x kg;306214
CASALTA;Aceto Casalta Clasico X500ml;$4.700;;;Precio regular: $9.400 x lt;392861
CHUKER;Edulcorante Chuker Liquido X200ml;$1.235;;;Precio regular: $6.175 x lt;395876
PEHUAMAR;Papas Fritas Pehuamar Lisas X135g;$1.488;;;Precio regular: $10.628,57 x kg;395379
