Brand;Description;Final_price;Original_price;Discount;Regular_price;Regular_price_measure;Regular_price_un;timestamp
PLAYADITO;Yerba Mate Playadito Suave X1kg;1979.87;3045.95;-35%;3045.95;1;kg;2023-12-26 16:47:31.842
OREO;Galletitas Dulces Rellenas Con Crema Oreo 354g;1061.45;1633.0;-35%;4612.99;1;kg;2023-12-26 16:47:31.842
PEPITOS;Galletitas Dulces Con Chips De Chocolate Pepitos 357g;999.7;1538.0;-35%;4394.29;1;kg;2023-12-26 16:47:31.842
LEDESMA;Azúcar Ledesma Molida Clasico 1 Kg;1295.0;;;1295.0;1;kg;2023-12-26 16:47:31.842
LA CAMPAGNOLA;Atun La Campagnola Al Natural X170g;1990.0;;;11705.88;1;kg;2023-12-26 16:47:31.842
MAÑANITA;Yerba Mate Mañanita 4flex 1kg;2579.85;;;2579.85;1;kg;2023-12-26 16:47:31.842
LA CAMPAGNOLA;Atun La Campagnola En Aceite X170g;1990.0;;;11705.88;1;kg;2023-12-26 16:47:31.842
;Caja Navideña Negra 1 U;7468.5;11490.0;-35%;11490.0;1;un;2023-12-26 16:47:31.842
NESCAFE;Nescafé® Dolca Suave X 170gr;2715.33;;Llevando 2: $1357.66 c/u;15972.53;1;kg;2023-12-26 16:47:31.842
ARTESANO;Pan Blanco Bimbo Artesano X 500g;2450.0;;;4900.0;1;kg;2023-12-26 16:47:31.842
CUISINE & CO NBE MP;Duraznos En Mitades Cuisine & Co;843.7;1298.0;-35%;2676.29;1;kg;2023-12-26 16:47:31.842
COCA COLA;Gaseosa Coca-cola Sabor Original 2,5 Lt;2383.5;;;953.4;1;lt;2023-12-26 16:47:31.842
CUISINE & CO NBE MP;Azucar Cuisine & Co 1kg;1228.75;;;1228.75;1;kg;2023-12-26 16:47:31.842
LA MERCED;Yerba Mate La Merced Campo O.c 500g;1982.3;;;3964.6;1;kg;2023-12-26 16:47:31.842
LEDESMA;Azúcar Ledesma Molida 1 Kg;1184.18;;;1184.18;1;kg;2023-12-26 16:47:31.842
CUISINE & CO NBE MP;Señor Pure De Tomate Cuisine & Co 520 Gr;609.4;;;1171.92;1;kg;2023-12-26 16:47:31.842
DORITOS;Doritos Sabor Queso X200g;2353.5;3138.0;-25%;15690.0;1;kg;2023-12-26 16:47:31.842
RUMBA;Galletitas Rumba 324g;1190.0;;;3718.75;1;kg;2023-12-26 16:47:31.842
TERRABUSI;Alfajor Terrabusi Chocolate Clásico 6ux50g;1774.0;;;5913.33;1;kg;2023-12-26 16:47:31.842
CUISINE & CO NBE MP;Palmitos Trozos Cuisine & Co;2381.0;;;10822.73;1;kg;2023-12-26 16:47:31.842
UNION;Yerba Mate Unión 4flex 1kg;2423.4;;;2423.4;1;kg;2023-12-26 16:47:31.842
OREO;Galletitas Dulces Rellenas Con Crema Oreo 118g;364.65;561.0;-35%;4754.24;1;kg;2023-12-26 16:47:31.842
NESQUIK;Nesquik® Original Polvo Chocolatado X 800gr;3597.72;;Llevando 2: $2.158,63 c/u;4497.15;1;kg;2023-12-26 16:47:31.842
DIVERSION;Galletitas Surtido Diversion X398g;907.0;;;2325.64;1;kg;2023-12-26 16:47:31.842
OPERA;Galletitas ópera Agrupadas 220 Gr;792.0;;;3600.0;1;kg;2023-12-26 16:47:31.842
Molinos Ala;Arroz Molinos Ala Parboil Gs X1kg;1746.0;;;1746.0;1;kg;2023-12-26 16:47:31.842
PUREZA;Aceite Girasol Pureza 1,5l;2209.0;;;1472.67;1;lt;2023-12-26 16:47:31.842
CHOCOLINAS;Galletitas Chocolinas X262g;770.0;;;2961.54;1;kg;2023-12-26 16:47:31.842
NESCAFE;Nescafé® Dolca Suave X 200gr;2199.09;;Llevando 2: $1.319,45 c/u;10995.45;1;kg;2023-12-26 16:47:31.842
NESTLE;Nestlé® Leche Condensada Descremada X 395gr;1216.67;;;3379.64;1;kg;2023-12-26 16:47:31.842
PLAYADITO;Yerba Mate Playadito Suave X500gr;1587.94;;;3175.88;1;kg;2023-12-26 16:47:31.842
HELLMANN´S;Mayonesa Hellmann's Clasica Doypack 950 G;1255.0;;;1321.05;1;kg;2023-12-26 16:47:31.842
SURTIDO;Galletitas Surtido Bagley X398g;1050.0;;;2692.31;1;kg;2023-12-26 16:47:31.842
NUCETE;Aceite De Oliva Nucete Extra Virgen X2000ml;23686.88;;;11843.44;1;lt;2023-12-26 16:47:31.842
VANGUARDIA;Arroz Vanguardia Elaborado Largo Fino;1255.5;;;1255.5;1;kg;2023-12-26 16:47:31.842
NESQUIK;Nesquik® Original Polvo Chocolatado X 360gr;1829.67;;Llevando 2: $1.097,8 c/u;5082.42;1;kg;2023-12-26 16:47:31.842
LA MERCED;Yerba Mate La Merced Campo Sur O.c 500g;1982.3;;;3964.6;1;kg;2023-12-26 16:47:31.842
LAY´S;Papas Fritas Lays Clasicas X230g;3138.0;;;13643.48;1;kg;2023-12-26 16:47:31.842
DORITOS;Doritos Queso 140g- X129g;1770.28;;;13617.54;1;kg;2023-12-26 16:47:31.842
LA CAMPAGNOLA;Puré De Tomate La Campagnola 520 Gr;455.0;;;875.0;1;kg;2023-12-26 16:47:31.842
CUISINE & CO NBE MP;Palmitos Entero 800 Gr Cuisine & Co;5189.0;;;10378.0;1;kg;2023-12-26 16:47:31.842
LAY´S;Papas Fritas Lays Clasicas X134g;1920.3;;;14771.54;1;kg;2023-12-26 16:47:31.842
TARAGUI;Yerba Mate Taragui 4flex 1kg;2487.43;;;2487.43;1;kg;2023-12-26 16:47:31.842
BIMBO;Pan Blanco Bimbo X 550g;2200.0;;;4000.0;1;kg;2023-12-26 16:47:31.842
PEPITOS;Galletitas Dulces Con Chips De Chocolate Pepitos 119g;381.55;587.0;-35%;4891.67;1;kg;2023-12-26 16:47:31.842
CUISINE & CO NBE MP;Vainillas Cuisine&co X36 U;1199.0;;$1.763,54;3971.94;1;kg;2023-12-26 16:47:31.842
OREO;Galletitas Oreo Mini X50g;181.35;279.0;-35%;558.0;100;gr;2023-12-26 16:47:31.842
CBSE;Yerba Mate Cbsé Hierbas Serranas X1kg;2914.0;;;2914.0;1;kg;2023-12-26 16:47:31.842
LUCHETTI;Fideos Lucchetti Tallarín N5 X500g;1026.0;;;2052.0;1;kg;2023-12-26 16:47:31.842
CEREALITAS;Galletitas Cracker Cereal Cerealitas Clásicas X3uni 636g;1425.0;;;2375.0;1;kg;2023-12-26 16:47:31.842
CUISINE & CO NBE MP;Fideos Spaguetti C&c;879.0;;;1758.0;1;kg;2023-12-26 16:47:31.842
CUISINE & CO NBE MP;Fideos Tirabuzon C&c 500gr;879.0;;;1758.0;1;kg;2023-12-26 16:47:31.842
DOS HERMANOS;Arroz Dos Hermanos Pairboil 1 Kg;1610.11;;;1610.11;1;kg;2023-12-26 16:47:31.842
TODDY;Galletitas Toddy Chips De Chocolate 126 Gr;565.32;869.72;-35%;6902.54;1;kg;2023-12-26 16:47:31.842
MANTECOL;Postre Mantecol Bajo En Sodio 253g;1995.0;;$2.349;9284.58;1;kg;2023-12-26 16:47:31.842
CHEF;Puré Chef X 100gr;592.0;;;5920.0;1;kg;2023-12-26 16:47:31.842
MANA;Galletitas Mana Vainilla 408g;989.0;;;2472.5;1;kg;2023-12-26 16:47:31.842
TRAVIATA;Galletitas De Agua Traviata 303 Gr;580.0;;;1933.33;1;kg;2023-12-26 16:47:31.842
ARCOR;Surtido Arcor El Kiosco 246g;3536.0;;;14373.98;1;kg;2023-12-26 16:47:31.842
CUISINE & CO NBE MP;Galletitas Con Chips De Chocolate 172gr C&co;801.47;;;4659.71;1;kg;2023-12-26 16:47:31.842
CHOCOLINAS;Galletitas Chocolinas X150g;626.0;;;4064.94;1;kg;2023-12-26 16:47:31.842
CACHAFAZ;Alfajores Mixtos Cachafaz 12 U;7445.0;;;10340.28;1;kg;2023-12-26 16:47:31.842
SONRISAS;Galle Sonrisas Frambuesa X324g;1086.0;;;3351.85;1;kg;2023-12-26 16:47:31.842
LA MERCED;Yerba Mate La Merced Barcbacua O.c 500g;1982.3;;;3964.6;1;kg;2023-12-26 16:47:31.842
NUCETE;Aceite De Oliva Nucete Clásico 500 Ml;8301.4;;;16602.8;1;lt;2023-12-26 16:47:31.842
LAY´S;Papas Fritas Lays Clasicas X85g;1191.0;1588.0;-25%;19850.0;1;kg;2023-12-26 16:47:31.842
FERRERO;Bombones Ferrero Rocher 8 U;1748.09;;;17480.9;1;kg;2023-12-26 16:47:31.842
NESCAFE;Nescafé® Tradición X 170gr;1854.7;2853.39;-35%;16784.65;1;kg;2023-12-26 16:47:31.842
HELLMANN´S;Mayonesa Hellmanns Liviana 475g;699.0;;;1471.58;1;kg;2023-12-26 16:47:31.842
BIMBO;Pan Para Hamburguesa Con Sésamo Bimbo X 4u;910.0;;;4333.33;1;kg;2023-12-26 16:47:31.842
AGUILA;Chocolate Aguila Para Taza 150 Gr;1908.4;;;12722.67;1;kg;2023-12-26 16:47:31.842
REX;Galletitas Rex Original 125 Gr;477.0;;;3816.0;1;kg;2023-12-26 16:47:31.842
NESCAFE;Café Nescafe Gold En Granos X100g;4331.97;;;43319.7;1;kg;2023-12-26 16:47:31.842
MATARAZZO;Fideos Matarazzo Tirabuzón N34 X500g;1292.0;;;2584.0;1;kg;2023-12-26 16:47:31.842
ARCOR;Turrón De Maní Arcor 25 Gr;177.0;;Llevando 3: $118.00 c/u;708.0;100;gr;2023-12-26 16:47:31.842
MILKA;Alfajor Triple Oreo 56g;419.06;;;7483.21;1;kg;2023-12-26 16:47:31.842
MAÑANITA;Yerba Mate Mañanita 4flex 1/2kg;1410.86;;;2821.72;1;kg;2023-12-26 16:47:31.842
VARIEDAD;Galletitas Dulces Variedad De Terrabusi Nuevo Mix 390g;1059.0;;;2715.38;1;kg;2023-12-26 16:47:31.842
LA CAMPAGNOLA;Lomo De Atún Libre De Gluten La Campagnola 300 Gr;3110.0;;;10366.67;1;kg;2023-12-26 16:47:31.842
Kit Kat;Oblea Kitkat® Leche 4 Fingers X 41,5gr;448.39;;Llevando 2: $336,29 c/u;1080.46;100;gr;2023-12-26 16:47:31.842
SALSATI;Puré De Tomate Salsati 520 Gr;413.0;;;794.23;1;kg;2023-12-26 16:47:31.842
MAGGI;Maggi® Puré Original X 200gr;792.2;;;3961.0;1;kg;2023-12-26 16:47:31.842
ARTESANO;Pan Integral Bimbo Artesano X 500g;2594.0;;;5188.0;1;kg;2023-12-26 16:47:31.842
BIMBO;Pan De Hamburguesa Bimbo Artesano | 4u;1200.0;;;5000.0;1;kg;2023-12-26 16:47:31.842
LAY´S;Papas Lays Clasicas X40g;859.0;;;2147.5;100;gr;2023-12-26 16:47:31.842
KESITAS;Galletitas Kesitas 75 Gr;465.0;;;6200.0;1;kg;2023-12-26 16:47:31.842
AZUCEL;Azúcar Azucel Común Tipo A - 1 Kg;1190.66;;;1190.66;1;kg;2023-12-26 16:47:31.842
TRAVIATA;Galletitas Traviata X506g;1146.0;;;2264.82;1;kg;2023-12-26 16:47:31.842
KNORR;Caldo Knorr De Verduras X 12 Cubos;645.0;;;1290.0;100;gr;2023-12-26 16:47:31.842
CUISINE & CO NBE MP;Don Triturado Cuisine & Co 910 Gr;1299.0;;;1427.47;1;kg;2023-12-26 16:47:31.842
LUCHETTI;Fideos Lucchetti Tirabuzón N34 X500g;1026.0;;;2052.0;1;kg;2023-12-26 16:47:31.842
SONRISAS;Galletitas Sonrisas Frambuesa X108g;335.0;;;3101.85;1;kg;2023-12-26 16:47:31.842
LACTAL;Pan Salvado Lactal X 330g;1128.0;;;3418.18;1;kg;2023-12-26 16:47:31.842
GREEN HILLS;Té Green Hills- 50 Saquitos;1152.98;;;11529.8;1;kg;2023-12-26 16:47:31.842
LACTAL;Pan Blanco Lactal X 460g;1388.0;;;3017.39;1;kg;2023-12-26 16:47:31.842
AMOR;Galletitas Amor 108g;435.0;;;4350.0;1;kg;2023-12-26 16:47:31.842
CASALTA;Vinagres De Alcohol Casalta X1300ml;940.67;;;723.59;1;lt;2023-12-26 16:47:31.842
ARCOR;Pure De Tomate Arcor X530g;447.0;;;843.4;1;kg;2023-12-26 16:47:31.842
CUISINE & CO NBE MP;Vainillas Cuisine&co X12 U;547.81;;;3701.42;1;kg;2023-12-26 16:47:31.842
LA MERCED;Yerba Mate La Merced Campo&monteo.c 500g;1982.3;;;3964.6;1;kg;2023-12-26 16:47:31.842
ANILLOS;Galletitas Dulces Anillitos Clásicos De Terrabusi 170g;453.0;;;2664.71;1;kg;2023-12-26 16:47:31.842
HELLMANN´S;Mayonesa Hellmanns Clasica Dp X475g;803.0;;;1690.53;1;kg;2023-12-26 16:47:31.842
PUREZA;Harina Pureza Integral100%;599.0;;;599.0;1;kg;2023-12-26 16:47:31.842
PUREZA;Aceite Girasol Pureza 0,9l;1430.0;;;1588.89;1;lt;2023-12-26 16:47:31.842
NUTELLA;Nutella 350gr;1834.07;;;5240.2;1;kg;2023-12-26 16:47:31.842
CUISINE & CO NBE MP;Palmitos Trozos 800 Gr Cuisine & Co;4450.0;;;8900.0;1;kg;2023-12-26 16:47:31.842
HELLMANN´S;Ketchup Hellmanns X250g;439.0;;$593;2502.11;1;kg;2023-12-26 16:47:31.842
DOS ANCLAS;Sal Fina Dos Anclas 500 Gr;530.0;;;1060.0;1;kg;2023-12-26 16:47:31.842
La Providencia;Galletita Cracker La Providencia Clasica X303gr;465.93;;;1553.1;1;kg;2023-12-26 16:47:31.842
MOGUL;Gomitas Arcor Mogul Rollo 12 Gr;299.0;;;2491.67;100;gr;2023-12-26 16:47:31.842
LA MOLISANA;Pure De Tomate La Molisana Passata X690gr;3509.0;;$4.375;6340.58;1;kg;2023-12-26 16:47:31.842
HELLMANN´S;Mayonesa Hellmanns Liviana 950g;1257.0;;;1323.16;1;kg;2023-12-26 16:47:31.842
OPERA;Galletitas Opera 55 Gr;232.0;;;4218.18;1;kg;2023-12-26 16:47:31.842
DORITOS;Doritos Queso X77g;1098.0;1464.0;-25%;18300.0;1;kg;2023-12-26 16:47:31.842
FARGO;Pan Integral Grano Entero Fargo X 350g;1850.0;;;5285.71;1;kg;2023-12-26 16:47:31.842
OREO;Galletitas Dulces Rellenas Con Crema Oreo Vainilla 354g;1105.65;1701.0;-35%;4805.08;1;kg;2023-12-26 16:47:31.842
PEPITOS;Galletitas Pepitos Mini X50g;182.0;280.0;-35%;560.0;100;gr;2023-12-26 16:47:31.842
CEREALITAS;Galletitas Cracker Cereal Cerealitas Clásicas 212g;557.0;;;2652.38;1;kg;2023-12-26 16:47:31.842
BELDENT;Chicle Mentabeldent 20g;221.0;;;2210.0;100;gr;2023-12-26 16:47:31.842
MILKA;Alfajor Simple Milka Mousse 6ux42g;2113.0;;;5030.95;100;gr;2023-12-26 16:47:31.842
VOCACION;Galletitas Merengadas Frutilla X88g;437.0;;;5462.5;1;kg;2023-12-26 16:47:31.842
MANTECOL;Postre Mantecol 111g;939.0;;$1.109;9990.99;1;kg;2023-12-26 16:47:31.842
LEGITIMO;Aceite Girasol Legitimo X900cc;1382.0;;;1535.56;1;lt;2023-12-26 16:47:31.842
FERRERO;Bombones Ferrero Rocher 24 U;5062.36;;;210.93;1;un;2023-12-26 16:47:31.842
SAVORA;Mostaza Savora Original X500gr;743.0;;;1486.0;1;kg;2023-12-26 16:47:31.842
PEPITOS;Alfajor Triple Pepitos 57g;410.27;;;7197.72;1;kg;2023-12-26 16:47:31.842
KINDER;Kinder Bueno;620.16;;;1442.23;100;gr;2023-12-26 16:47:31.842
MILKA;Alfajor Triple Milka Mousse 55g;400.44;;;7280.73;1;kg;2023-12-26 16:47:31.842
CACHAFAZ;Galletitas Cachafaz Granola;1487.0;;;6608.89;1;kg;2023-12-26 16:47:31.842
LA CAMPAGNOLA;Mermelada La Campagnola Frutill X390g Bc;1832.0;;;4697.44;1;kg;2023-12-26 16:47:31.842
MEDIA TARDE;Galletitas Mediatarde X315g;649.0;;;2060.32;1;kg;2023-12-26 16:47:31.842
NUCETE;Aceite De Oliva Nucete Virgen Lata X500;9179.13;;;18358.26;1;lt;2023-12-26 16:47:31.842
BAGLEY;Galletas Cereales Bagley Salvado X507g;1153.0;;;2274.16;1;kg;2023-12-26 16:47:31.842
PUREZA;Harina Pureza Leudante Ultra Ref X1kg;519.99;;;519.99;1;kg;2023-12-26 16:47:31.842
LAY´S;Papas Fritas Lays Queso Y Cebolla X77g;1384.0;;;17300.0;1;kg;2023-12-26 16:47:31.842
SALADIX;Galletitas Saladix Pizza 100 Gr;599.0;;;5990.0;1;kg;2023-12-26 16:47:31.842
VIGENTE;Pure De Tomate Vigente Brick 520 G;609.95;;;1172.98;1;kg;2023-12-26 16:47:31.842
CUISINE & CO NBE MP;Garbanzos Cuisine & Co 300gr;658.0;;;3209.76;1;kg;2023-12-26 16:47:31.842
TARAGUI;Mate Cocido Taragui S/e F.diamantado 5x50x3gr.;973.3;;;6488.67;1;kg;2023-12-26 16:47:31.842
SHOT;Alfajor Shot Triple Relleno De Chocolate Con Maní 60g;436.78;;;7279.67;1;kg;2023-12-26 16:47:31.842
SALADIX;Galletitas Saladix Pizza X 30grs;186.0;;;620.0;100;gr;2023-12-26 16:47:31.842
COFLER;Chocolate Cofler Block Con Maní 110 Gr;1154.0;;;10490.91;1;kg;2023-12-26 16:47:31.842
HILERET;Endulzante Hileret Light X 500 Gr;1310.4;;;2620.8;1;kg;2023-12-26 16:47:31.842
MILKA;Bombón De Chocolate Milka Oreo 19g;119.62;;;629.58;100;gr;2023-12-26 16:47:31.842
FERRERO;Bombones Ferrero Rocher 3 U;624.92;;;1644.53;100;gr;2023-12-26 16:47:31.842
DORITOS;Nachos Doritos Sabor Queso X40g;859.0;;;2147.5;100;gr;2023-12-26 16:47:31.842
FARGO;Pan Salvado Plus Fargo X 600g;2450.0;;;4083.33;1;kg;2023-12-26 16:47:31.842
PASEO;Galletitas Paseo Cinco Semillas 250gr;431.0;;;1724.0;1;kg;2023-12-26 16:47:31.842
HILERET;Endulzante Hileret Clasico Forte X 500 Ml.;1652.56;;;3305.12;1;lt;2023-12-26 16:47:31.842
LA ESPAÑOLA GOURMET;Lentejas La Española Gourmet 400 Gr;803.45;;;2008.63;1;kg;2023-12-26 16:47:31.842
BON O BON;Oblea Bañada Rhodesia 22gr;305.0;;;1386.36;100;gr;2023-12-26 16:47:31.842
RHODESIA;Oblea Rhodesia Clásica 4ux22g;1167.0;;;13261.36;1;kg;2023-12-26 16:47:31.842
OROWEAT;Pan Con Cereales Oroweat X 600g;2891.0;;;4818.33;1;kg;2023-12-26 16:47:31.842
PRESTOPRONTA;Harina De Maíz Presto Pronta 500 Gr;566.0;;;1132.0;1;kg;2023-12-26 16:47:31.842
CELUSAL;Sal Fina Celusal 500 Gr;397.0;;;794.0;1;kg;2023-12-26 16:47:31.842
DOS ANCLAS;Sal Fina Dos Anclas X500gr;540.0;;;1080.0;1;kg;2023-12-26 16:47:31.842
PRINGLES;Papas Pringles Crema Y Cebolla X124g;1856.96;;;15474.67;1;kg;2023-12-26 16:47:31.842
ARTESANO;Pan De Semillas Bimbo Artesano X 500g;2594.0;;;5188.0;1;kg;2023-12-26 16:47:31.842
MILKA;Alfajor Triple Milka Dulce De Leche 70g;383.01;;;5471.57;1;kg;2023-12-26 16:47:31.842
CACHAFAZ;Galletitas Integral Cachafaz Avena Con Chips De Chocolate 225 Gr;1487.0;;;6608.89;1;kg;2023-12-26 16:47:31.842
CASERITA;Harina Caserita 000 1 Kg;581.0;;;581.0;1;kg;2023-12-26 16:47:31.842
CUISINE & CO NBE MP;Champignones Laminados Cuisine & Co;1861.0;;;8091.3;1;kg;2023-12-26 16:47:31.842
CUISINE & CO NBE MP;Lentejas Cuisine & Co 300gr;684.0;;;3336.59;1;kg;2023-12-26 16:47:31.842
VERDEFLOR;Yerba Mate Verdeflor Con Palo Hierbas 500 Gr;;;;2980.3;1;kg;2023-12-26 16:47:31.842
CACHAFAZ;Conito Cachafaz De Chocolote 228 Gr;3434.0;;;15061.4;1;kg;2023-12-26 16:47:31.842
JUMBO MP;Fideos Spaghetti Jumbo 500 Gr;765.0;;;1530.0;1;kg;2023-12-26 16:47:31.842
SHOT;Chocolate Con Maní Shot 35g;407.0;;;1162.86;100;gr;2023-12-26 16:47:31.842
QUAKER;Quaker Avena Instantanea X500g;1568.0;;;3.14;1;kg;2023-12-26 16:47:31.842
ARTESANO;Pan De Panchos Bimbo Artesano X 6u;1200.0;;;5000.0;1;kg;2023-12-26 16:47:31.842
GRANIX;Copos De Maíz Tradicionales Granix 400 Gr;780.55;;;1951.38;1;kg;2023-12-26 16:47:31.842
LA CAMPAGNOLA;Mermelada La Campagnola Aranda X390g Bc;1816.0;;;4656.41;1;kg;2023-12-26 16:47:31.842
LAY´S;Papas Fritas Lays Jamon Serrano X77g;1588.0;;;19850.0;1;kg;2023-12-26 16:47:31.842
STARBUCKS;Starbucks® Nespresso® Blonde Espresso X 10un;4185.47;;;418.55;1;un;2023-12-26 16:47:31.842
9 DE ORO;Bizcochos 9 De Oro Agridulces 100g;448.0;;;4480.0;1;kg;2023-12-26 16:47:31.842
DOS ANCLAS;Sal Gruesa Dos Anclas 500 Gr;436.0;;;872.0;1;kg;2023-12-26 16:47:31.842
MATARAZZO;Fideos Matarazzo Penne X500g;1110.0;;;2220.0;1;kg;2023-12-26 16:47:31.842
LINCOLN;Galletitas Lincoln Clasicas X219g;708.0;;;3218.18;1;kg;2023-12-26 16:47:31.842
HOJALMAR;Galletitas Hojalmar Triangulitos De Hojaldre 150 Gr;414.0;;;2760.0;1;kg;2023-12-26 16:47:31.842
FARGO;Pan Mix De Cereales Fargo X 400g;1658.0;;;4145.0;1;kg;2023-12-26 16:47:31.842
BAGLEY;Alfajor Triple Negro Bob 60 Gr;587.0;;;9783.33;1;kg;2023-12-26 16:47:31.842
OREO;Galletitas Dulces Rellenas Con Crema Sabor Frutilla Oreo 118g;;;;5033.9;1;kg;2023-12-26 16:47:31.842
SWIFT;Picadillo De Carne Swift 90 Gr;370.0;;;4111.11;1;kg;2023-12-26 16:47:31.842
LA CAMPAGNOLA;Mermelada La Campagnola Ciruela X390g Bc;1135.0;;;2910.26;1;kg;2023-12-26 16:47:31.842
HOGAREÑAS;Galletitas Hogareñas Salvado 200g;416.0;;;2080.0;1;kg;2023-12-26 16:47:31.842
FRANCE;Pan Dulce France Con Frutas Paquete 400 Grs.;;;;2997.5;1;kg;2023-12-26 16:47:31.842
CUISINE & CO NBE MP;Jardinera Cuisine & Co 300gr;687.0;;;3122.73;1;kg;2023-12-26 16:47:31.842
TARAGUI;Té Taragui S/e Filtro Diamantado X 50saq;735.89;;;7358.9;1;kg;2023-12-26 16:47:31.842
ROYAL;Gelatina Royal Frutilla Regular 25g;246.0;;;984.0;100;gr;2023-12-26 16:47:31.842
DUQUESA;Galletitas Dulces Rellenas Con Crema Duquesa De Terrabusi 115g;202.0;;;1756.52;1;kg;2023-12-26 16:47:31.842
Maxima MP;Atún Desmenuzado Maxima Te Conviene En Agua Y En Aceite 120 Gr;1029.0;;;8575.0;1;kg;2023-12-26 16:47:31.842
LACTAL;Pan Blanco Lactal X 315g;962.0;;;3103.23;1;kg;2023-12-26 16:47:31.842
CASALTA;Aceto Balsámico Casalta Redución 400 Ml;3761.43;;;9403.58;1;lt;2023-12-26 16:47:31.842
CUISINE & CO NBE MP;Galletitas Con Avena Y Pasas 186gr C&c;789.73;;;4245.86;1;kg;2023-12-26 16:47:31.842
BIMBO;Pan Blanco Bimbo X 400g;1508.0;;;3770.0;1;kg;2023-12-26 16:47:31.842
CUISINE & CO NBE MP;Tu Polenta - Harina De Maiz Instantanea;366.45;;;732.9;1;kg;2023-12-26 16:47:31.842
CUISINE & CO NBE MP;Mermelada De Durazno Cuisine & Co;776.41;;;1706.4;1;kg;2023-12-26 16:47:31.842
CUISINE & CO NBE MP;Galletitas C/chips Chocolate 186grc&c;789.73;;;4245.86;1;kg;2023-12-26 16:47:31.842
HEINZ;Mayonesa Heinz 350gr;976.0;;;2772.73;1;kg;2023-12-26 16:47:31.842
MANTECOL;Postre Mantecol Bajo En Sodio 404g;3816.0;;;9445.54;1;kg;2023-12-26 16:47:31.842
MOGUL;Gomitas Mogul Conitos 1 Kg;4990.0;;;4990.0;1;kg;2023-12-26 16:47:31.842
BARILLA;Fideos Spaghetti Barilla 500 Gr;5868.15;;;11736.3;1;kg;2023-12-26 16:47:31.842
ROYAL;Flan Royal Vainilla 60g;151.0;;;2516.67;1;kg;2023-12-26 16:47:31.842
BELDENT;Chicle Sabor Chicle Globo Beldent 20g;400.0;;;4000.0;100;gr;2023-12-26 16:47:31.842
CUISINE & CO NBE MP;Pionono Vainilla Cuisine & Co 200gr;1350.96;;;6754.8;1;kg;2023-12-26 16:47:31.842
DOS HERMANOS;Galleta De Arroz Slim Dos Hermanos Salada X100 Gr;545.13;;;5451.3;1;kg;2023-12-26 16:47:31.842
LUCHETTI;Fideos Lucchetti Mostachol N51 X500g;1026.0;;;2052.0;1;kg;2023-12-26 16:47:31.842
CBSE;Yerba Mate Cbsé Hierbas Serranas X500g;1555.85;;;3111.7;1;kg;2023-12-26 16:47:31.842
CUISINE & CO NBE MP;Choclo S/sal Agregada Cuisine & Co 300gr;1120.0;;;5463.41;1;kg;2023-12-26 16:47:31.842
CUISINE & CO NBE MP;Lentejas Secas Cuisine & Co 400gr;1026.17;;;2565.43;1;kg;2023-12-26 16:47:31.842
TARAGUI;Mate Cocido Taragui S/e F.diamantado 4x100x3gr;1852.02;;;6173.4;1;kg;2023-12-26 16:47:31.842
TITA;Tita Clásica 19g;276.0;;;1452.63;100;gr;2023-12-26 16:47:31.842
CBSE;Yerba Mate Cbsé Naranja X500g;1555.85;;;3111.7;1;kg;2023-12-26 16:47:31.842
CUISINE & CO NBE MP;Tostadas De Arroz Aireadas 110 Gr C&co;665.48;;;6049.82;1;kg;2023-12-26 16:47:31.842
FRUTIGRAN;Galletitas Frutigran Con Chips De Chocolate 255 Gr;774.52;;;3037.33;1;kg;2023-12-26 16:47:31.842
MAGGI;Maggi® Puré Original X 100gr;572.16;;;5721.6;1;kg;2023-12-26 16:47:31.842
CUISINE & CO NBE MP;Madalenas Vainilla Con Dulce De Leche C&co 180 Gr;776.88;;;4316.0;1;kg;2023-12-26 16:47:31.842
MILK;Alfajor Triple Milka Mousse Blanco 55g;586.0;;;10654.55;1;kg;2023-12-26 16:47:31.842
FLOW;Barra Flow Almendras Enteras Con Piso De Chocolate X30g;195.94;;;653.13;100;gr;2023-12-26 16:47:31.842
ARCOR;Mermelada Arcor Damasco Fruta X454g;951.0;;;2094.71;1;kg;2023-12-26 16:47:31.842
LA VIRGINIA;Cafe La Virginia Capsulas Sutil X52g;3781.0;;;378.1;1;un;2023-12-26 16:47:31.842
ROSAMONTE;Yerba Mate Rosamonte Con Palo Suave 500 Gr;1397.75;;;2795.5;1;kg;2023-12-26 16:47:31.842
VARIEDAD;Galletitas Dulces Variedad De Terrabusi Nuevo Mix 590g;1445.0;;;2408.33;1;kg;2023-12-26 16:47:31.842
Molinos Ala;Tostadas Arroz Molinos Ala Integ X150g;616.19;;;4107.93;1;kg;2023-12-26 16:47:31.842
CUISINE & CO NBE MP;Pionono Salado Cuisine & Co;1350.96;;;6754.8;1;kg;2023-12-26 16:47:31.842
STARBUCKS;Starbucks® Nespresso® Espresso Roast X 10un;4185.47;;;418.55;1;un;2023-12-26 16:47:31.842
CUISINE & CO NBE MP;Sardinas En Aceite cuisine & Co 160gr;1409.0;;$1.763,55;16637.26;1;kg;2023-12-26 16:47:31.842
LA CAMPAGNOLA;Aderezo Ketchup La Campagnola 250 Gr;492.0;;;1968.0;1;kg;2023-12-26 16:47:31.842
BON O BON;Bombones Bon O Bon Surtidos 255 Gr;2827.0;;;11086.27;1;kg;2023-12-26 16:47:31.842
ROYAL;Gelatina Royal Light Cereza 25grs;419.0;;;1676.0;100;gr;2023-12-26 16:47:31.842
MAIZENA;Almidon De Maiz Maizena Sin Tacc X500g;856.0;;;1712.0;1;kg;2023-12-26 16:47:31.842
ARCOR;Garbanzos Arcor X300g;414.0;;;1380.0;1;kg;2023-12-26 16:47:31.842
TIC TAC;Pastillas Tic Tac Mix De Frutas 33 U;176.07;;;1100.44;100;gr;2023-12-26 16:47:31.842
CACHAFAZ;Alfajores Cachafaz Negros 360g;5864.0;;;16288.89;1;kg;2023-12-26 16:47:31.842
CUISINE & CO NBE MP;Aceite De Oliva Virgen 500ml Cuisine & Co;7374.38;;;14748.76;1;lt;2023-12-26 16:47:31.842
9 DE ORO;Bizcochos De Grasa 9 De Oro 200 Gr;1037.0;;;5185.0;1;kg;2023-12-26 16:47:31.842
STARBUCKS;Starbucks® Nespresso® House Blend X 10u.;4185.47;;;418.55;1;un;2023-12-26 16:47:31.842
MOGUL;Gomitas Mogul Jelly Buttons 1 Kg;4824.0;;;4824.0;1;kg;2023-12-26 16:47:31.842
AMANDA;Yerba Amanda Con Palo Px4;1257.0;;;2514.0;1;kg;2023-12-26 16:47:31.842
UNION;Mate Cocido Union 25 Saq;519.87;;;6931.6;1;kg;2023-12-26 16:47:31.842
TERRABUSI;Alfajor Triple Terrabusi Clásico 70g;392.63;;;5609.0;1;kg;2023-12-26 16:47:31.842
DON SATUR;Pan Ducle Don Satur C/frutas X400gr;952.2;1587.0;-40%;3967.5;1;kg;2023-12-26 16:47:31.842
CUISINE & CO NBE MP;Tostadas Finas light 140gr C&co;1130.93;;;8078.07;1;kg;2023-12-26 16:47:31.842
KNORR;Pure De Papas Knorr Receta Completa Listo X125g;724.0;;;5792.0;1;kg;2023-12-26 16:47:31.842
PRINGLES;Papas Pringles Queso X124gs;1856.96;;;15474.67;1;kg;2023-12-26 16:47:31.842
ALICANTE;Pimenton Alicante St X50g;947.0;;;1894.0;100;gr;2023-12-26 16:47:31.842
Molinos Ala;Arroz Molinos Ala En Grano 1kg;1683.0;;;1683.0;1;kg;2023-12-26 16:47:31.842
CUISINE & CO NBE MP;Galles Con Avena Y Coco Con Chips 186 Gr C&co;789.73;;;4245.86;1;kg;2023-12-26 16:47:31.842
CEREAL MIX;Barra Cereal Mix Yoghurt Frutilla Light X104gr;1294.0;;;12442.31;1;kg;2023-12-26 16:47:31.842
OLIOVITA;Aceite De Oliva Oliovita Extra Virgen Clásico 500 Ml;8192.35;;;16384.7;1;lt;2023-12-26 16:47:31.842
CACHAFAZ;Galletitas Integral Cachafaz Avena Y Pasas 225 Gr;1487.0;;;6608.89;1;kg;2023-12-26 16:47:31.842
BIGGYS;Pochoclo Acaramelados Biggys X 60gr;312.0;;;5200.0;1;kg;2023-12-26 16:47:31.842
GRANIX;Galletitas Granix Salvado X240gr;479.15;;;1996.46;1;kg;2023-12-26 16:47:31.842
TARAGUI;Yerba Mate Taragui 4flex Sin Palo 500g;1416.5;;;2833.0;1;kg;2023-12-26 16:47:31.842
ALICANTE;Coco Rallado Alicante St X50g;509.0;;;10.18;1;lt;2023-12-26 16:47:31.842
HOJALMAR;Galletitas Hojalmar Larguitas De Hojaldre 150 Gr;414.0;;;2760.0;1;kg;2023-12-26 16:47:31.842
NESQUIK;Nesquik® Original Polvo Chocolatado Menos Azúcar X 300gr;2058.74;;Llevando 2: $1.235,24 c/u;6862.47;1;kg;2023-12-26 16:47:31.842
STARBUCKS;Starbucks® Nespresso® Pike Place X 10un;4185.47;;;418.55;1;un;2023-12-26 16:47:31.842
FRUTIGRAN;Galletitas Frutigran Avena Y Pasas 250 Gr;758.69;;;3034.76;1;kg;2023-12-26 16:47:31.842
OPERA;Galletitas Obleas Opera Chocolate X68g;410.0;;;6029.41;1;kg;2023-12-26 16:47:31.842
ALICANTE;Bicarbonato De Sodio Alicante St X50g;375.0;;;750.0;100;gr;2023-12-26 16:47:31.842
PASTA SOLE;Fideos Pasta Sole Tirabuzon X500 Gr;621.08;;;1242.16;1;kg;2023-12-26 16:47:31.842
ALICANTE;Oregano Alicante St X50gr;1311.0;;;2622.0;100;gr;2023-12-26 16:47:31.842
ROYAL;Gelatina Royal Frutos Rojos 25g;419.0;;;1676.0;100;gr;2023-12-26 16:47:31.842
NATURA;Mostaza Natura;840.0;;;1680.0;1;kg;2023-12-26 16:47:31.842
KRACH-ITOS;Papas Krach-itos Corte Americano X115g;1331.0;;;11573.91;1;kg;2023-12-26 16:47:31.842
GRANAGUA;Galletitas De Agua Granagua 200 Gr;342.69;;;1713.45;1;kg;2023-12-26 16:47:31.842
BIMBO;Pan Integral Cero Cero Bimbo 350g;1965.0;;;5614.29;1;kg;2023-12-26 16:47:31.842
CUISINE & CO NBE MP;Arveja S/sal Agregada Cuisine & Co 300gr;464.0;;;2263.41;1;kg;2023-12-26 16:47:31.842
ALICANTE;Provenzal Alicante St X50gr;1116.0;;;2232.0;100;gr;2023-12-26 16:47:31.842
GRANIX;Copos De Maíz Granix Skarchitos 240 Gr;525.87;;;2191.13;1;kg;2023-12-26 16:47:31.842
VARIEDAD;Galletitas Dulces Variedad De Terrabusi Mix Vainilla 300g;741.0;;;2470.0;1;kg;2023-12-26 16:47:31.842
NESQUIK;Nesquik® Cereal X 400gr;2345.76;;;5864.4;1;kg;2023-12-26 16:47:31.842
KNORR;Caldo Knorr Sabor Gallina X 12 Cubos;645.0;;;5657.89;1;kg;2023-12-26 16:47:31.842
CUISINE & CO NBE MP;Tostadas Finas clásicas 140gr C&co;1130.93;;;8078.07;1;kg;2023-12-26 16:47:31.842
CUISINE & CO NBE MP;Miss Hojaldre - Triangulitas Cuisine & Co 150 Gr;654.0;;;4360.0;1;kg;2023-12-26 16:47:31.842
LA MERCED;Yerba Mate La Merced Monte O.c 500g;1982.3;;;3964.6;1;kg;2023-12-26 16:47:31.842
ROYAL;Gelatina Sin Sabor Royal 14g;245.0;;;1750.0;100;gr;2023-12-26 16:47:31.842
FAVINCO;Vinagre Favinco De Alcohol X1300ml;940.67;;;723.59;1;lt;2023-12-26 16:47:31.842
GREEN HILLS;Té Green Hills Saquitos 200 Gr;2232.3;;;11161.5;1;kg;2023-12-26 16:47:31.842
ZUCARITAS;Copos De Maiz Zucarita Kelloggs X490g;2151.28;;;4390.37;1;kg;2023-12-26 16:47:31.842
OPERA;Galletitas Obleas Opera Frutilla X68g;300.0;;;4411.76;1;kg;2023-12-26 16:47:31.842
UNION;Mate Cocido Unión S/e F.diamantado 5x50x3gr;914.66;;;6097.73;1;kg;2023-12-26 16:47:31.842
FARGO;Pan Blanco Lacteado Fargo 330g;1357.0;;;4112.12;1;kg;2023-12-26 16:47:31.842
LADDU BAR;Barra Laddu Bar Vegana Brownie X 30g;478.0;;;1593.33;100;gr;2023-12-26 16:47:31.842
CASERITA;Harina Caserita Leudante 1 Kg;872.0;;;872.0;1;kg;2023-12-26 16:47:31.842
CABRALES;Capsulas Cabrales Super X55g;4980.66;;;90557.45;1;kg;2023-12-26 16:47:31.842
JORGITO;Alfajor Negro Con Dulce De Leche Jorgito Mini 155 Gr;1359.06;;;8768.13;1;kg;2023-12-26 16:47:31.842
VARIEDAD;Galletitas Dulces Variedad De Terrabusi Nuevo Mix 170g;366.7;;;2157.06;1;kg;2023-12-26 16:47:31.842
9 DE ORO;Sconcitos 9 De Oro 200 Gr;713.0;;;3565.0;1;kg;2023-12-26 16:47:31.842
KINDER;Kinder Chocolate 12,5 Gr;153.28;;;1226.24;100;gr;2023-12-26 16:47:31.842
FRESH MP;Palmeritas De Manteca 200 Gr;1949.0;;;9745.0;1;kg;2023-12-26 16:47:31.842
MATARAZZO;Fideos Matarazzo Tirabuzón N28 X500g;1075.0;;;2150.0;1;kg;2023-12-26 16:47:31.842
DOS HERMANOS;Galleta De Arroz Slim Dos Hermanos Dulce X100 Gr;545.13;;;5451.3;1;kg;2023-12-26 16:47:31.842
PASEO;Galletitas Paseo De Agua Sin Sal 250gr;379.0;;;1516.0;1;kg;2023-12-26 16:47:31.842
OREO;Galletitas Oreo Chocolate X118g;;;;5957.63;1;kg;2023-12-26 16:47:31.842
GIACOMO;Capelettini Giacomo Tridicci 500g;1718.0;;;3436.0;1;kg;2023-12-26 16:47:31.842
LAY´S;Papas Lays Cheddar X77g;1588.0;;;22685.71;1;kg;2023-12-26 16:47:31.842
LACTAL;Pan Con Salvado Con Semillas De Chia Y De Lino Lactal 330g;1279.0;;;3875.76;1;kg;2023-12-26 16:47:31.842
TIC TAC;Pastillas Tic Tac Menta 33 U;176.07;;;1100.44;100;gr;2023-12-26 16:47:31.842
QUAKER;Avena Quaker Extra Fina 470g;1200.13;;;2553.47;1;kg;2023-12-26 16:47:31.842
CEREAL MIX;Barras De Cereal Arcor Mix Original X 92 G;1206.0;;;13108.7;1;kg;2023-12-26 16:47:31.842
FERRERO;Bombones Ferrero Rocher 4 U;858.11;;;621.82;1;kg;2023-12-26 16:47:31.842
ALCAZAR;Vinagre Alcazar De Alcohol X 500 Cc.;321.0;;;642.0;1;lt;2023-12-26 16:47:31.842
CUISINE & CO NBE MP;Fideos Dedalitos C&c;879.0;;;1758.0;1;kg;2023-12-26 16:47:31.842
HILERET;Endulzante Hileret Clasico Forte X 100 Sobrecitos;1402.96;;;14.03;1;un;2023-12-26 16:47:31.842
DON VICENTE;Fideos Don Vicente Fettuccini X500g;1683.0;;;3366.0;1;kg;2023-12-26 16:47:31.842
MORIXE;Pan Rallado Morixe 500 Gr;363.0;;;726.0;1;kg;2023-12-26 16:47:31.842
LA VIRGINIA;Te La Virginia Naturalidad Intacta X50s;1249.0;;;24.98;1;un;2023-12-26 16:47:31.842
REX;Galletitas Rex Original Tubo 75 Gr;352.0;;;4693.33;1;kg;2023-12-26 16:47:31.842
Molinos Ala;Arroz Molinos Ala Ita Caabó Largo Fino 1k;1766.0;;;1766.0;1;kg;2023-12-26 16:47:31.842
BIMBO;Vainillas Bimbo X 36u;1839.0;;;4132.58;1;kg;2023-12-26 16:47:31.842
MILKA;Chocolate Con Leche Milka 55g;640.0;;;11636.36;1;kg;2023-12-26 16:47:31.842
CELUSAL;Sal Fina Celusal 500 Gr;454.0;;;908.0;1;kg;2023-12-26 16:47:31.842
MAGGI;Caldo Maggi Verduras X57g;160.34;;;2812.98;1;kg;2023-12-26 16:47:31.842
SERENATA;Garrapiñada Serenata De Maní X 80 Gr;249.0;;Llevando 2: $124.50 c/u;3112.5;1;kg;2023-12-26 16:47:31.842
LAY´S;Papas Fritas Lays Jamon Serrano X34g;789.0;;;2320.59;100;gr;2023-12-26 16:47:31.842
PUREZA;Harina Pureza Integral Para Pizza Con Levadura X1k;535.25;;;535.25;1;kg;2023-12-26 16:47:31.842
SHOT;Chocolate Con Maní Shot 90g;871.82;;;9686.89;1;kg;2023-12-26 16:47:31.842
BARILLA;Fideos Penne Rigate Barilla 500 Gr;6330.45;;;12660.9;1;kg;2023-12-26 16:47:31.842
LADDU BAR;Barra Laddu Bar Vegan Frutos Rojos X 30g;478.0;;;1593.33;100;gr;2023-12-26 16:47:31.842
LADDU BAR;Barra Laddu Bar Vegana Arandanos X 30g;478.0;;;1593.33;100;gr;2023-12-26 16:47:31.842
CACHAFAZ;Galletitas Cachafaz;1487.0;;;6608.89;1;kg;2023-12-26 16:47:31.842
CUISINE & CO NBE MP;Pepas Cuisine&co Batata X300gr;715.29;;;2384.3;1;kg;2023-12-26 16:47:31.842
HILERET;Endulzante Hileret Stevia X 200 Ml;1964.56;;;9822.8;1;lt;2023-12-26 16:47:31.842
ARCOR;Mermelada Arcor Frutilla +fruta X454g;1543.0;;;3398.68;1;kg;2023-12-26 16:47:31.842
MORIXE;Harina Para Pizzas Morixe X1kg;1465.0;;;1465.0;1;kg;2023-12-26 16:47:31.842
EXQUISITA;Brownies Exquisita Ldg X400gr;2614.0;;;6535.0;1;kg;2023-12-26 16:47:31.842
LA PERLA;Pan Para Panchos La Perla 220g;770.0;;;3500.0;1;kg;2023-12-26 16:47:31.842
MAGGI;Maggi® Caldo Verdura X 12u.;358.73;;;3146.75;1;kg;2023-12-26 16:47:31.842
NATURA;Aderezo Ketchup Natura 500 Gr;1237.0;;;2474.0;1;kg;2023-12-26 16:47:31.842
BELDENT;Chicle Menta Beldent Infinit 13,3g;279.0;;;2146.15;100;gr;2023-12-26 16:47:31.842
COQUITAS;Galletitas Melitas 159g;400.0;;;2515.72;1;kg;2023-12-26 16:47:31.842
CUISINE & CO NBE MP;Mermelada Durazno Reducida Calorias C&co;816.82;;;2094.41;1;kg;2023-12-26 16:47:31.842
CUISINE & CO NBE MP;Biscuits Cuisine & Co 125gr;528.53;;;4228.24;1;kg;2023-12-26 16:47:31.842
BON O BON;Bon O Bon Leche 270 Gr;4024.0;;;14903.7;1;kg;2023-12-26 16:47:31.842
KINDER;Kinder Chocolate 4 U;562.65;;;1125.3;100;gr;2023-12-26 16:47:31.842
Kit Kat;Oblea Kitkat® Dark 4 Fingers X 41,5gr;412.42;;Llevando 2: $309,31 c/u;993.78;100;gr;2023-12-26 16:47:31.842
OREO;Galletitas Dulces Rellenas Con Crema Oreo 182,5g;;;;5188.89;1;kg;2023-12-26 16:47:31.842
NOBLEZA GAUCHA;Yerba Mate Nobleza Gaucha Suave X1kg Sin Tacc;2319.0;;;2319.0;1;kg;2023-12-26 16:47:31.842
ARCOR;Mermelada Arcor Light Frasco Duraz X390g;878.0;;;2251.28;1;kg;2023-12-26 16:47:31.842
DULCE MAMA;Budin Dulce Mama - Sabor Vainilla - 170 Gr;;;;2347.06;1;kg;2023-12-26 16:47:31.842
LA CAMPAGNOLA;Jardinera La Campagnola Hortalizas Y Legumbres X300g;570.0;;;1900.0;1;kg;2023-12-26 16:47:31.842
NATURA;Mostaza Natura;502.0;;;2008.0;1;kg;2023-12-26 16:47:31.842
LA CAMPAGNOLA;Arvejas La Campagnola X195g;384.0;;;1280.0;1;kg;2023-12-26 16:47:31.842
CABRALES;Cafe Cabrales Espressarte Dimattina 55 Gr;5418.24;;;98513.45;1;kg;2023-12-26 16:47:31.842
CUISINE & CO NBE MP;Maíz Pisingallo Cuisine & Co 400gr;648.99;;;1622.48;1;kg;2023-12-26 16:47:31.842
ARCOR;Garrapiñadas Arcor De Maní X 80 Gr;776.0;;Llevando 2: $388.00 c/u;9700.0;1;kg;2023-12-26 16:47:31.842
PEHUAMAR;Papas Fritas Pehuamar Lisa X485g;3994.0;;;8320.83;1;kg;2023-12-26 16:47:31.842
COFLER;Alfajor Cofler Block 60 Gr;518.0;;;8633.33;1;kg;2023-12-26 16:47:31.842
ARTESANO;Turron Artesano Torta Alicante 150 Gr;9765.0;;Llevando 2: $4882.50 c/u;65100.0;1;kg;2023-12-26 16:47:31.842
TRIX;Trix® Cereal X 330gr;1682.28;;;5097.82;1;kg;2023-12-26 16:47:31.842
ALICANTE;Pimenton Alicante St X25g;500.0;;;2000.0;100;gr;2023-12-26 16:47:31.842
GREEN HILLS;Té Green Hills - 25 Saquitos;611.63;;;1223.26;100;gr;2023-12-26 16:47:31.842
NESCAFE;Café Nescafe Dolca Latte Mix X125g;954.59;;Llevando 2: $572,75 c/u;7636.72;1;kg;2023-12-26 16:47:31.842
LAY´S;Papas Fritas Lays Queso Y Cebolla X34g;789.0;;;2320.59;100;gr;2023-12-26 16:47:31.842
TERRABUSI;Alfajor Terrabusi Blanco Glaseado 6ux38g;1825.0;;;8004.39;1;kg;2023-12-26 16:47:31.842
SALSATI;Pulpa De Tomate Salsati 520 Gr;395.0;;;759.62;1;kg;2023-12-26 16:47:31.842
MR POP´S;Chupetin Mr.pops Evolution Blueberry 432 Gr;1171.04;;;2710.74;1;kg;2023-12-26 16:47:31.842
LA VIRGINIA;Café La Virginia Molido 500gr;4496.0;;;8992.0;1;kg;2023-12-26 16:47:31.842
NATURA;Aceite De Oliva Natura Virgen 120 Ml;1454.0;;;12116.67;1;kg;2023-12-26 16:47:31.842
TIC TAC;Pastillas Tic Tac Naranja 33 U;176.07;;;1100.44;100;gr;2023-12-26 16:47:31.842
9 DE ORO;Bizcochos Agridulces 9 De Oro 200 Gr;1037.0;;;5185.0;1;kg;2023-12-26 16:47:31.842
HEINZ;Mayonesa Heinz 850gr;2321.0;;;2730.59;1;kg;2023-12-26 16:47:31.842
ARTESANO;Turrón Artesano Jijona X150g;7339.5;;Llevando 2: $3669.75 c/u;48930.0;1;kg;2023-12-26 16:47:31.842
ROCKLET´S;Confites Rocklets De Chocolate 40 Gr;594.0;;;1485.0;100;gr;2023-12-26 16:47:31.842
PRESTOPRONTA;Harina Presto Pronta De Maíz Precocida X730;860.0;;;1178.08;1;kg;2023-12-26 16:47:31.842
NESCAFE;Nescafé® Dolce Gusto® Capuccino Dulce De Leche X 16u.;4089.49;;;15146.26;1;kg;2023-12-26 16:47:31.842
FRUTIGRAN;Galletitas Frutigran Con Chia Y Lino 240 Gr;608.91;;;2537.13;1;kg;2023-12-26 16:47:31.842
CUISINE & CO NBE MP;Tostadas Clasicas 200 Gr Cuisine & Co;879.33;;;4396.65;1;kg;2023-12-26 16:47:31.842
BIMBO;Vainillas Bimbo X 12u;685.0;;;4628.38;1;kg;2023-12-26 16:47:31.842
ALELUYA;Miel Aleluya Liquida Sin Tacc 500g;;;;5415.86;1;kg;2023-12-26 16:47:31.842
CROWIE;Barrita De Arroz Crowie Chocolate Negro 3 U;683.0;;;5691.67;100;gr;2023-12-26 16:47:31.842
LA LECHERA;La Lechera® Nutrifuerza X 800gr;3383.53;4229.41;-20%;5286.76;1;kg;2023-12-26 16:47:31.842
BIMBO;Madalenas Rellenas Con Ddl Bimbo X 180g;777.0;;;4089.47;1;kg;2023-12-26 16:47:31.842
CUISINE & CO NBE MP;Granola Con Pasas Cuisine&co 320gr;1631.76;;;5099.25;1;kg;2023-12-26 16:47:31.842
DONUTS;Galletitas Donuts Chocolate Blanco 78 Gr;687.83;;;8818.33;1;kg;2023-12-26 16:47:31.842
ROYAL;Gelatina Royal Regular Frambuesa X25g;264.0;;;1056.0;100;gr;2023-12-26 16:47:31.842
QUAKER;Quaker Avena Tradicional X550g;1568.0;;;2850.91;1;kg;2023-12-26 16:47:31.842
TERRABUSI;Fideos Terrabusi Fusilli X500g;795.0;;;1590.0;1;kg;2023-12-26 16:47:31.842
LA VIRGINIA;Cafe L Virginia Capsulas Equilibrio X52g;3672.0;;;367.2;1;un;2023-12-26 16:47:31.842
SHIVA;Shiva Mix De Semillas X 100 G Sin Tacc;1112.8;;;11128.0;1;kg;2023-12-26 16:47:31.842
MATARAZZO;Fideos Matarazzo Guisero;1335.0;;;2670.0;1;kg;2023-12-26 16:47:31.842
CUISINE & CO NBE MP;Mermelada De Ciruela Cuisine & Co;824.25;;;1811.54;1;kg;2023-12-26 16:47:31.842
LA CAMPAGNOLA;Porotos La Campagnola Alubia X300g;581.0;;;1936.67;1;kg;2023-12-26 16:47:31.842
PASTA SOLE;Fideos Pasta Sole Spaguetti X500 Gr;621.08;;;1242.16;1;kg;2023-12-26 16:47:31.842
MOLTO;Duraznos En Trozos Molto 340g;565.0;;$667;1961.76;1;kg;2023-12-26 16:47:31.842
HEINZ;Mayonesa Heinz Light Doy-pack X350gr;1243.0;;;3531.25;1;kg;2023-12-26 16:47:31.842
BAGLEY;Pan Dulce Bagley C/frutas X400gr;1827.6;3046.0;-40%;7615.0;1;kg;2023-12-26 16:47:31.842
DOS ANCLAS;Sal Entrefina Dos Anclas 500 Gr;602.0;;;1204.0;1;kg;2023-12-26 16:47:31.842
CRIOLLITAS;Criollitas Tostadas Salvado 195gr;764.0;;;3917.95;1;kg;2023-12-26 16:47:31.842
LETIZIA;Harina Letizia;432.0;;;432.0;1;kg;2023-12-26 16:47:31.842
SALSATI;Salsa Salsati Italiana X340g;479.0;;;1408.82;1;kg;2023-12-26 16:47:31.842
ARCOR;Chupetín Trompito Frutal 11 Gr;1523.0;;;12927.6;100;gr;2023-12-26 16:47:31.842
CUISINE & CO NBE MP;Ananá En Rodajas Cuisine & Co 140 Gr;939.25;1445.0;-35%;10321.43;1;kg;2023-12-26 16:47:31.842
CUISINE & CO NBE MP;Madalenas Chocolate Con Ddl C&co 180 G;776.88;;;4316.0;1;kg;2023-12-26 16:47:31.842
LA PARMESANA;Orégano La Parmesana 25 Gr;252.0;;;1008.0;100;gr;2023-12-26 16:47:31.842
BELDENT;Chicle Mentol Beldent 20g;221.0;;;2210.0;100;gr;2023-12-26 16:47:31.842
CELUSAL;Sal Fina Celusal 500 Gr;1345.0;;;2690.0;1;kg;2023-12-26 16:47:31.842
AGUILA;Alfajor Minitorta Brownie 69 G;620.0;;;8732.39;1;kg;2023-12-26 16:47:31.842
JORGITO;Alfajores Mini Jorgito Blanco 155 Gr;1359.12;;;8768.52;1;kg;2023-12-26 16:47:31.842
KINDER;Huevo Kinder Sorpresa X40gr;1080.41;;;2701.03;100;gr;2023-12-26 16:47:31.842
BONAFIDE;Turron Bonafide Crocante De Mani 80 Gr;575.0;;Llevando 2: $287.50 c/u;7187.5;1;kg;2023-12-26 16:47:31.842
SUGUS;Caramelos Sugus Confitadosx50gr;405.12;;;810.24;100;gr;2023-12-26 16:47:31.842
PERGOLA;Bicarbonato De Sodio Pergola Sin Tacc 50 Gr;147.68;;;295.36;100;gr;2023-12-26 16:47:31.842
NESQUIK;Nesquik® Cereal X 210gr;1320.55;;;6288.33;1;kg;2023-12-26 16:47:31.842
HELLMANN´S;Aderezo De Ajo Ahumado Hellmanns X250gr;792.0;;;3168.0;1;kg;2023-12-26 16:47:31.842
HILERET;Endulzante Hileret Zucra X 400 Ml;2328.56;;;5821.4;1;lt;2023-12-26 16:47:31.842
LAY´S;Papas Fritas Lays Jamon Serrano X122g;1264.52;1686.03;-25%;14050.25;1;kg;2023-12-26 16:47:31.842
HELLMANN´S;Salsa Barbacoa Hellmanns 250g;515.0;;;2060.0;1;kg;2023-12-26 16:47:31.842
JUMBO MP;Snack De Arroz Jumbo Bajo En Sodio 45 Gr;241.71;;;537.13;100;gr;2023-12-26 16:47:31.842
LA CAMPAGNOLA;Mayonesa La Campagnola X1000g;1154.0;;;1154.0;1;kg;2023-12-26 16:47:31.842
MATARAZZO;Fideos Matarazzo Tallarín N5 X500g;1075.0;;;2150.0;1;kg;2023-12-26 16:47:31.842
GRANIX;Bocaditos De Cereal Rellenos Con Frutilla Granix 180 Gr;752.9;;;4182.78;1;kg;2023-12-26 16:47:31.842
GEORGALOS;Caramelos Flynn Paff Tutti Frutti 128 Gr;821.75;;;6419.92;1;kg;2023-12-26 16:47:31.842
CHEETOS;Palitos De Maiz Cheetos Queso X43g;855.0;;;1988.37;100;gr;2023-12-26 16:47:31.842
NESCAFE;Nescafé® Tradición X 120gr;2089.74;;;17414.5;1;kg;2023-12-26 16:47:31.842
GALLO;Gallo Snacks Oblea De Arroz Chocobar 20 Gr.;388.0;;;1940.0;100;gr;2023-12-26 16:47:31.842
CUISINE & CO NBE MP;Te Manzanilla C/sob C&co 25 Saq 50 Gr;543.62;;;1087.24;100;gr;2023-12-26 16:47:31.842
HELLMANN´S;Ketchup Hellmanns X400g;1485.0;;;3712.5;1;kg;2023-12-26 16:47:31.842
ROCKLET´S;Confites Rocklets Mini 150 Gr;1288.0;;;8586.67;1;kg;2023-12-26 16:47:31.842
FRITOLIM;Aceite Oliva En Aerosol Fritolim X120 Gr;1110.59;;;8814.21;1;lt;2023-12-26 16:47:31.842
KINDER;Chocolate Kinder Relleno X 20 Gr;280.25;;;1401.25;100;gr;2023-12-26 16:47:31.842
MAZOLA;Aceite De Girasol Mazola Manteca 120 Ml;1144.0;;;9152.0;1;lt;2023-12-26 16:47:31.842
CASERITA;Harina Caserita Comun Para Pizza Paquete 1 Kg;799.0;;;799.0;1;kg;2023-12-26 16:47:31.842
CUISINE & CO NBE MP;Aceite De Oliva Extra Virgen 1l C&c;16486.27;;;16486.27;1;lt;2023-12-26 16:47:31.842
FORMIS;Galletitas Polvorita Vainilla 81g;254.0;;;3135.8;1;kg;2023-12-26 16:47:31.842
ALICANTE;Aji Molido Alicante X50gr;812.0;;;1624.0;100;gr;2023-12-26 16:47:31.842
BON O BON;Caja Bon O Bon Pinito Navidad X15g;2144.0;;;14293.33;1;kg;2023-12-26 16:47:31.842
DULCE MAMA;Budin Dulce Mamá Marmolado 170g;;;;2347.06;1;kg;2023-12-26 16:47:31.842
CUISINE & CO NBE MP;Mermelada Ciruela Reducida Calorias C&co;859.95;;;2205.0;1;kg;2023-12-26 16:47:31.842
WAKAS;Pasta Multicereal Wakas 250 Gr;1683.0;;;6732.0;1;kg;2023-12-26 16:47:31.842
NESTLE;Nestlé® Leche Condensada Orgánica X 395gr;1577.45;;;3993.54;1;kg;2023-12-26 16:47:31.842
CUISINE & CO NBE MP;Porotos Cuisine & Co 300gr;616.0;;;3004.88;1;kg;2023-12-26 16:47:31.842
VALENTE;Vainillas Valente X 36u;1652.0;;;3712.36;1;kg;2023-12-26 16:47:31.842
PEP;Palitos Pep 40 Gr;324.0;;;810.0;100;gr;2023-12-26 16:47:31.842
ARMONIA;Leche En Polvo Modificada Armonia X400gr;1397.76;;;3494.4;1;kg;2023-12-26 16:47:31.842
BAGLEY NEGRO;Alfajor Byn Bagley Blanco X50g;431.0;;;862.0;100;gr;2023-12-26 16:47:31.842
INALPA;Choclo Amarillos Inalpa Enteros X300gr;629.0;;$744,15;2480.5;1;kg;2023-12-26 16:47:31.842
CUISINE & CO NBE MP;Madalenas Vainilla Cuisine & Co 200 Gr;776.88;;;3884.4;1;kg;2023-12-26 16:47:31.842
ARCOR;Maní Con Chocolate Arcor;1316.0;;Llevando 2: $658.00 c/u;16450.0;1;kg;2023-12-26 16:47:31.842
CUISINE & CO NBE MP;Madalenas Marmoladas Cuisine & Co 200 Gr;776.88;;;3884.4;1;kg;2023-12-26 16:47:31.842
CHOCOARROZ;Alfajor Chocoarroz Dulce De Leche 22g;520.0;;;2363.64;100;gr;2023-12-26 16:47:31.842
CUISINE & CO NBE MP;Rocio Vegetal De Girasol En Aerosol C&co 120 Gr;1329.0;;;10632.0;1;lt;2023-12-26 16:47:31.842
KNORR;Bolsas Para Horno Knorr Limon Y Oregano 21g;385.0;;;1833.33;100;gr;2023-12-26 16:47:31.842
PASEO;Galletitas Mini Marineras Paseo 220 Gr;595.0;;;2704.55;1;kg;2023-12-26 16:47:31.842
GRANIX;Copos De Maíz Tradicionales Granix 160 Gr;379.25;;;2370.31;1;kg;2023-12-26 16:47:31.842
TARAGUI;Yerba Mate Taragui 4flex 1/2kg;1483.31;;;2966.62;1;kg;2023-12-26 16:47:31.842
GRANAGUA;Galletitas De Agua Granagua 600 Gr;1353.63;;;22560.5;1;kg;2023-12-26 16:47:31.842
DOS ANCLAS;Ajo Deshidratado Dos Anclasx20g;432.0;;;2160.0;100;gr;2023-12-26 16:47:31.842
HELLMANN´S;Mayonesa Hellmanns Liviana 237g;423.0;;;1784.81;1;kg;2023-12-26 16:47:31.842
CELUSAL;Sal Celusal Entrefina X500gr;346.0;;;692.0;1;kg;2023-12-26 16:47:31.842
LA CAMPAGNOLA;Mermelada La Campagnola Naranja X454g;1034.0;;;2277.53;1;kg;2023-12-26 16:47:31.842
HILERET;Endulzante Hileret Clasico Forte X 250 Ml;997.36;;;3989.44;1;lt;2023-12-26 16:47:31.842
CADBURY;Chocolate Cadbury Tres Sueños 25g;395.0;;;1580.0;100;gr;2023-12-26 16:47:31.842
NESCAFE;Nescafé® Dolca Caramel X 125gr;954.59;;Llevando 2: $620,48 c/u;7636.72;1;kg;2023-12-26 16:47:31.842
UNION;Mate Cocido Union X 300 Gr;1852.02;;;6173.4;1;kg;2023-12-26 16:47:31.842
CUISINE & CO NBE MP;Mermelada De Frutilla Cuisine & Co;1136.77;;;2498.4;1;kg;2023-12-26 16:47:31.842
ROYAL;Gelatina Royal Frutilla 25g;419.0;;;1676.0;100;gr;2023-12-26 16:47:31.842
MR POP´S;Chupetines Surtidos Mr Pop Evolution X432g;2714.0;;;6282.41;1;kg;2023-12-26 16:47:31.842
MENOYO;Vinagre De Manzana Menoyo 1 L;1161.06;;;1161.06;1;lt;2023-12-26 16:47:31.842
CUISINE & CO NBE MP;Crackers Cuisine&co X 3u;804.0;;;2653.47;1;kg;2023-12-26 16:47:31.842
VALENTE;Madalenas Rellenas Con Ddl Valente X 180g;711.0;;;3555.0;1;kg;2023-12-26 16:47:31.842
TIC TAC;Pastillas Tic Tac Dupla Frutilla 33 U;176.07;;;1100.44;100;gr;2023-12-26 16:47:31.842
9 DE ORO;Pepas 9 De Oro Membrillo X140g;444.53;;;3175.21;1;kg;2023-12-26 16:47:31.842
TERRABUSI;Alfajor Terrabusi Blanco Glaseado 38g;276.24;;;726.95;100;gr;2023-12-26 16:47:31.842
MOGUL;Gomitas Mogul Anillos 220g;903.0;;;4104.55;1;kg;2023-12-26 16:47:31.842
9 DE ORO;Cookies 9 De Oro 120gr;367.0;;;3058.33;1;kg;2023-12-26 16:47:31.842
ROYAL;Gelatina Royal Cereza X25gr;372.0;;;1488.0;100;gr;2023-12-26 16:47:31.842
MANI KING;Garrapiñada Mani King - 80 Gr;477.36;;Llevando 2: $238.68 c/u;5967.0;1;kg;2023-12-26 16:47:31.842
BIGGYS;Pochoclos Acaramelados X 100g Biggys;592.8;;;5928.0;1;kg;2023-12-26 16:47:31.842
KNORR;Caldo Knorr Sabor Carne X 12 Cubos;645.0;;;5657.89;1;kg;2023-12-26 16:47:31.842
MOGUL;Gomitas Mogul Conitos 220g;1092.0;;;4963.64;1;kg;2023-12-26 16:47:31.842
KINDER;Kinder Huevo Rosa 2 U;1080.41;;;2701.03;100;gr;2023-12-26 16:47:31.842
DOS ANCLAS;Bicarbonato De Sodio Dos Anclas 25 Gr;248.0;;;992.0;100;gr;2023-12-26 16:47:31.842
HEINZ;Mayonesa Heinz Light Doy-pack X850gr;2558.0;;;3009.41;1;kg;2023-12-26 16:47:31.842
Tostitos;Nachos Tostitos 200 Gr;3036.0;;;15180.0;1;kg;2023-12-26 16:47:31.842
UNION;Yerba Mate Union 4flex 1/2kg;1523.38;;;3046.76;1;kg;2023-12-26 16:47:31.842
BON O BON;Bon O Bon Leche 15 Gr;206.0;;;1373.33;100;gr;2023-12-26 16:47:31.842
PEHUAMAR;Palitos Salados Pehuamar X165g;1267.0;;;7678.79;1;kg;2023-12-26 16:47:31.842
INTEGRA;Barra Integra Avena Alm Nuez 41g;561.0;;;1368.29;100;gr;2023-12-26 16:47:31.842
FARGO;Pan Fargo Lacteado 380g;1357.0;;;3524.68;1;kg;2023-12-26 16:47:31.842
PEHUAMAR;Maicitos Pehuamar X260g;2057.0;;;7911.54;1;kg;2023-12-26 16:47:31.842
CUISINE & CO NBE MP;Tostadas Light 200gr C&co;879.33;;;4396.65;1;kg;2023-12-26 16:47:31.842
OKEBON;Galletitas Okebon Leche Con Dulce De Leche 273 Gr;458.43;;;1679.23;1;kg;2023-12-26 16:47:31.842
WAKAS;Pasta Multicereal Wakas Con Kale X250gr.;1683.0;;;6732.0;1;kg;2023-12-26 16:47:31.842
FLOW;Barra Flow De Almendras Piso Chocox180g;1504.31;;;8357.28;1;kg;2023-12-26 16:47:31.842
MILKA;Chocolate De Leche Aireado Milka 110g;1194.58;;;10859.82;1;kg;2023-12-26 16:47:31.842
NESCAO;Polvo Chocolatado Nescao X300gr;635.0;;;2116.67;1;kg;2023-12-26 16:47:31.842
CELUSAL;Sal Gruesa Celusal 1 Kg;636.0;;;636.0;1;kg;2023-12-26 16:47:31.842
EL BROCAL;Mermelada Frutilla Light El Brocal 400 Gr;3680.56;;;9201.4;1;kg;2023-12-26 16:47:31.842
PUREZA;Pan Rallado Integral Pureza X 350 Gr;440.0;;;1257.14;1;kg;2023-12-26 16:47:31.842
GAROTO;Garoto® Bombones Surtidos Caja X 250gr;2252.17;;;9008.68;1;kg;2023-12-26 16:47:31.842
PASEO;Galletitas Paseo De Salvado 250gr;431.0;;;1724.0;1;kg;2023-12-26 16:47:31.842
KRACH-ITOS;Papas Krach-itos Tradicionales X270g;2418.0;;;8955.56;1;kg;2023-12-26 16:47:31.842
MOGUL;Mogul Frutillas Acidas;997.0;;;6646.67;1;kg;2023-12-26 16:47:31.842
9 DE ORO;Galletas 9 De Oro Anillitos Coco 120 Gr;178.0;;;1483.33;1;kg;2023-12-26 16:47:31.842
LA VIRGINIA;Café La Virginia Molido Clasico 250g;1902.0;;;7608.0;1;kg;2023-12-26 16:47:31.842
CUISINE & CO NBE MP;Mermelada Frutilla Reducid Calorias C&co;1221.95;;;3133.21;1;kg;2023-12-26 16:47:31.842
COFLER;Chocolate Cofler Block Con Leche 300 Gr;4327.0;;;14423.33;1;kg;2023-12-26 16:47:31.842
SUGUS;Caramelos Sugus Masticables 700 Gr;4048.0;;;5782.86;1;kg;2023-12-26 16:47:31.842
Molinos Ala;Arroz Molinos Ala Yamani Est 500gr;2078.0;;;4156.0;1;kg;2023-12-26 16:47:31.842
JORGITO;Bizcochos Jorgito X 200 Gr;590.26;;;2951.3;1;kg;2023-12-26 16:47:31.842
PASEO;Galletitas De Agua Mini Crackers Paseo 5 Semillas 300 Gr;774.18;;;2580.6;1;kg;2023-12-26 16:47:31.842
DONUTS;Galletitas Donuts Leche X52g;504.23;;;9696.73;1;kg;2023-12-26 16:47:31.842
GEORGALOS;Garrapiñadas Georgalos De Maní X 80 Gr.-paquete;527.0;;Llevando 2: $263.50 c/u;6587.5;1;kg;2023-12-26 16:47:31.842
ALICANTE;Provenzal Alicante St X25gr;604.0;;;2416.0;100;gr;2023-12-26 16:47:31.842
GEORGALOS;Turrón De Maní Con Miel Georgalos - 80 Gr;504.0;;Llevando 2: $252.00 c/u;6300.0;1;kg;2023-12-26 16:47:31.842
SHIVA;Shiva Mediterraneas X 100 G Sin Tacc;1156.48;;;11564.8;1;kg;2023-12-26 16:47:31.842
ARCOR;Caramelos Butter Toffees Dulce De Leche 140g;1003.0;;;7164.29;1;kg;2023-12-26 16:47:31.842
GIACOMO;Capelettini Giacomo Carne 500g;1732.0;;;3464.0;1;kg;2023-12-26 16:47:31.842
HILERET;Endulzante Hileret Mate Liquido X400cc;1506.96;;;3767.4;1;lt;2023-12-26 16:47:31.842
CUISINE & CO NBE MP;Crackers Cuisine&co X 1u;351.0;;;3475.25;1;kg;2023-12-26 16:47:31.842
MILKA;Chocolate Con Almendras Milka 55g;705.0;;;12818.18;1;kg;2023-12-26 16:47:31.842
LADDU BAR;Barra Laddu Bar Vegana Cocochoco X 30g;478.0;;;1593.33;100;gr;2023-12-26 16:47:31.842
OREO;Galletitas Dulces Rellenas Con Crema Oreo Vainilla 118g;;;;5618.64;1;kg;2023-12-26 16:47:31.842
DOS ANCLAS;Pimienta Negra Dos Anclas Molida 25 Gr;578.0;;;2312.0;100;gr;2023-12-26 16:47:31.842
KINDER;Kinder Huevo Celeste 20 Gr;570.18;;;2850.9;100;gr;2023-12-26 16:47:31.842
CUISINE & CO NBE MP;Caballa Al Natural Cuisine & Co 380 Gr;1855.0;;$2.317,49;8712.37;1;kg;2023-12-26 16:47:31.842
PITUSAS;Galletas Pitusas Mini Chocolate X 160 Gr;651.05;;;4069.06;1;kg;2023-12-26 16:47:31.842
NESCAFE;Nescafé® Dolca Original X 170gr;4263.81;;Llevando 2: $2131.91 c/u;25081.24;1;kg;2023-12-26 16:47:31.842
BANANITA DOLCA;Nestlé® Bananita Dolca X 14gr;325.0;;Llevando 2: $162.50 c/u;2321.43;100;gr;2023-12-26 16:47:31.842
SUAVECITAS;Galletas Suavecitas Chips X140 Grs;533.89;;;3813.5;1;kg;2023-12-26 16:47:31.842
MAMA COCINA;Rebozador Para Freir Mamá Cocina 1 Kg;1312.0;;;1312.0;1;kg;2023-12-26 16:47:31.842
CACHAMATE;Yerba Mate Cachamate Cpalo Amarilla Fca X 1 Kg.;1808.71;2782.63;-35%;2782.63;1;kg;2023-12-26 16:47:31.842
EL BROCAL;Mermelada El Brocal Frutilla 420 Gr;1985.36;;;4727.05;1;kg;2023-12-26 16:47:31.842
LA MORENITA;Cafe Morenita Capsulas Ialiano X52g;4249.0;;;424.9;1;un;2023-12-26 16:47:31.842
BIMBO;Pan Con Lino Bimbo X 380g;1809.0;;;4698.7;1;kg;2023-12-26 16:47:31.842
SHIVA;Shiva Imentón Ahumado X 100 G Sin Tacc;1112.8;;;11128.0;1;kg;2023-12-26 16:47:31.842
LA CAMPAGNOLA;Extracto De Tomate La Campagnola X180g;754.8;;;4193.33;1;kg;2023-12-26 16:47:31.842
CANARIAS;Yerba Canarias Serena 500gr;4600.67;;;9201.34;1;kg;2023-12-26 16:47:31.842
La Providencia;Azucar La Providencia Comun Tipo A X 1kg;1170.4;;;1170.4;1;kg;2023-12-26 16:47:31.842
BON O BON;Bon O Bon Aguila 270 Gr;3805.0;;;14092.59;1;kg;2023-12-26 16:47:31.842
CUISINE & CO NBE MP;Don Triturado Cuisine & Co (botella);1337.68;;;1379.05;1;kg;2023-12-26 16:47:31.842
CADBURY;Chocolate Cadbury Tres Sueños 82g;959.03;;;11695.49;1;kg;2023-12-26 16:47:31.842
NESTLE;Crunch® Chocolate Crujiente X 80gr;668.76;835.95;-20%;10449.38;1;kg;2023-12-26 16:47:31.842
LADDU BAR;Barra Laddu Bar Vegana Coco X 30g;478.0;;;1593.33;100;gr;2023-12-26 16:47:31.842
CUISINE & CO NBE MP;Fideos Cabello De Angel C6c;1310.0;;;2620.0;1;kg;2023-12-26 16:47:31.842
VIGENTE;Garbanzos Vigente Secos Remojados X340g;558.76;;;1643.41;1;kg;2023-12-26 16:47:31.842
BON O BON;Obleas Bon O Bon Bañadas En Chocolate Con Leche 30 Gr;468.0;;;1560.0;100;gr;2023-12-26 16:47:31.842
Tostitos;Nachos Tostitos X129g;1878.0;;;14446.15;1;kg;2023-12-26 16:47:31.842
CUISINE & CO NBE MP;Obleas Sabor Chocolate 100gr C&co;484.0;;;4840.0;1;kg;2023-12-26 16:47:31.842
DOS HERMANOS;Aritos De Arrroz Dos Hermanos Crema Con Cebolla 80 Gr;650.0;;;8125.0;1;kg;2023-12-26 16:47:31.842
CUISINE & CO NBE MP;Crackers Cuisine&co X 5u;1383.0;;;2738.61;1;kg;2023-12-26 16:47:31.842
CUISINE & CO NBE MP;Palitos De Maiz Cuisine & Co 150gr;1154.0;;;7693.33;1;kg;2023-12-26 16:47:31.842
CUISINE & CO NBE MP;Sopa Instantánea Sabor Pollo 65 Gr C&co;1341.0;;;20630.77;1;kg;2023-12-26 16:47:31.842
BAGLEY;Galletas Cereales Bagley Salvado X169g;400.0;;;2366.86;1;kg;2023-12-26 16:47:31.842
SALSATI;Salsa Salsati Pomarola X340g;479.0;;;1408.82;1;kg;2023-12-26 16:47:31.842
TERRABUSI;Alfajor Terrabusi Chocolate Clásico 50g;297.65;;;595.3;100;gr;2023-12-26 16:47:31.842
TARAGUI;Té Verde Taragui En Saquitos 20 Saquitos;438.0;;;1460.0;100;gr;2023-12-26 16:47:31.842
ZUCARITAS;Copos De Maiz Zucarita Kelloggs X240g;1257.81;;;5240.88;1;kg;2023-12-26 16:47:31.842
PAMPA GOURMET;Vinagre Manz Organico Pampa Gour 250gr;2740.91;;;10963.64;1;kg;2023-12-26 16:47:31.842
CELUSAL;Sal Celusal Gruesa X500gr;371.0;;;742.0;1;kg;2023-12-26 16:47:31.842
PITUSAS;Galletas Pitusas Mini Frutilla X 160 Gr;651.05;;;4069.06;1;kg;2023-12-26 16:47:31.842
CUISINE & CO NBE MP;Obleas Sabor Limon 100gr Cuisine & Co;484.0;;;4840.0;1;kg;2023-12-26 16:47:31.842
EQUALSWEET;Edulcorante Equalsweet Stevia 40gr;1230.38;;;3075.95;100;gr;2023-12-26 16:47:31.842
LA TRANQUERA;Mate Cocido La Tranquera Trad X62,5g;716.87;;;1146.99;1;kg;2023-12-26 16:47:31.842
MAMA COCINA;Rebozador Mamá Cocina Para Horno 1 Kg;1650.0;;;1650.0;1;kg;2023-12-26 16:47:31.842
MENOYO;Vinagre De Vino Menoyo 500 Ml;539.0;;;1078.0;1;lt;2023-12-26 16:47:31.842
DOS HERMANOS;Galletas De Arroz Dos Hermanos Con Sal 120 Gr;440.29;;;3669.08;1;kg;2023-12-26 16:47:31.842
LA MORENITA;Café Morenita Intenso Saquito X110g;1545.0;;;14045.45;1;kg;2023-12-26 16:47:31.842
MOGUL;Gomitas Mogul Jelly Buttons 220g;1092.0;;;4963.64;1;kg;2023-12-26 16:47:31.842
BELDENT;Chicle Menta Beldent Infinit 26,6g;620.0;;;2296.3;100;gr;2023-12-26 16:47:31.842
MAMA COCINA;Rebozador Mama Cocina Tipo Panko 400g;842.0;;;2105.0;1;kg;2023-12-26 16:47:31.842
KINDER;Kinder Huevo Rosa 20 Gr;570.18;;;2850.9;100;gr;2023-12-26 16:47:31.842
HILERET;Endulzante Hileret Zucra X 200 Ml;1482.0;;;7410.0;1;lt;2023-12-26 16:47:31.842
LASFOR;Almohaditas Lasfor Chocolate Suizo 200 Grs;1102.77;;;5513.85;1;kg;2023-12-26 16:47:31.842
LA TRANQUERA;Yerba la tranquera selecc especial - nm 6 x 1 kg;3110.07;;;3110.07;1;kg;2023-12-26 16:47:31.842
Molinos Ala;Arroz Molinos Ala Carnaroli Est 500gr;2078.0;;;4156.0;1;kg;2023-12-26 16:47:31.842
CABRALES;Cafe Cabrales Espressarte Deciso 55 Gr;5418.24;;;98513.45;1;kg;2023-12-26 16:47:31.842
GALLO;Risotto Gallo A La Española X240g;2496.0;;;10400.0;1;kg;2023-12-26 16:47:31.842
CUISINE & CO NBE MP;Tostadas Finas salvado 140 Gr Cuisine & Co;1130.93;;;8078.07;1;kg;2023-12-26 16:47:31.842
CROWIE;Barritas Arroz X 3 Unid - Marroc;683.0;;;5691.67;100;gr;2023-12-26 16:47:31.842
BARILLA;Fideos Spaghettoni Barilla 500 Gr;5868.15;;;11736.3;1;kg;2023-12-26 16:47:31.842
COWS PURE;Ghee Manteca Clarificada Cow's Pure 300g;4525.0;;;15083.33;1;kg;2023-12-26 16:47:31.842
SUGUS;Mast.ftales.arcor 36x120g;384.0;;;3200.0;1;kg;2023-12-26 16:47:31.842
FORMIS;Galletitas Polvorita Chocolate-vainilla 81g;260.0;;;3209.88;1;kg;2023-12-26 16:47:31.842
CUISINE&CO NBE;Miel De Abejas Cuisine&co 500gr;1872.97;;;3745.94;1;kg;2023-12-26 16:47:31.842
BON O BON;Alfajor Bon O Bon Mini 117 Grs;1203.0;;;10282.05;1;kg;2023-12-26 16:47:31.842
ARCOR;Mermelada Arcor Light Frasco Fruti X390g;1617.0;;;4146.15;1;kg;2023-12-26 16:47:31.842
JORGITO;Alfajores Mini Negros Con Mousse Jorgito 128 Gr;1359.06;;;10617.66;1;kg;2023-12-26 16:47:31.842
CUISINE & CO NBE MP;Budin Sabor Vainilla Con Chips 170gr C&co;535.39;892.32;-40%;5248.94;1;kg;2023-12-26 16:47:31.842
OLIOVITA;Aceite De Oliva Oliovita Clásico 500 Ml;6955.75;;;13911.5;1;lt;2023-12-26 16:47:31.842
LA CAMPAGNOLA;Salsa Barbacoa La Campagnola;535.0;;;2140.0;1;kg;2023-12-26 16:47:31.842
VERDEFLOR;Yerba Mate Verdeflor Con Palo X 1 Kg-paq-kg-1;1699.65;2614.85;-35%;2614.85;1;kg;2023-12-26 16:47:31.842
TARAGUI;Mate Cocido Taragui S/e F.diamantado10x25x3gr;569.79;;;7597.2;1;kg;2023-12-26 16:47:31.842
LA CAMPAGNOLA;Mermelada La Campagnola Selección Frutilla X390g;1943.0;;;4982.05;1;kg;2023-12-26 16:47:31.842
EL BROCAL;Mermelada El Brocal X420gr;3118.96;;;7426.1;1;kg;2023-12-26 16:47:31.842
BARILLA;Fideos Bavette Barilla 500 Gr;5868.15;;;11736.3;1;kg;2023-12-26 16:47:31.842
Crisppino;Galletitas Snack Crisppino Mini Queso 50 Gr;401.77;;;803.54;100;gr;2023-12-26 16:47:31.842
MAIZENA;Almidon De Maiz Maizena Sin Tacc X200g;499.0;;;2268.18;1;kg;2023-12-26 16:47:31.842
BANANITA DOLCA;Nestlé® Bananita Dolca X 30gr;578.0;;Llevando 2: $289.00 c/u;1926.67;100;gr;2023-12-26 16:47:31.842
BON O BON;Pasta De Mani Bon O Bon 290gr;1517.0;;;5231.03;1;kg;2023-12-26 16:47:31.842
NESFIT;Cereal Nesfit® X 220gr;1072.74;;;4876.09;1;kg;2023-12-26 16:47:31.842
MOGUL;Gomitas Mogul Frutales 50g;321.0;;;642.0;100;gr;2023-12-26 16:47:31.842
ARCOR;Salsa Arcor Bolognesa X340g;466.0;;;1370.59;1;kg;2023-12-26 16:47:31.842
VIZZIO;Almendras Vizzio Con Chocolate X72 Grs;1696.0;;;23555.56;1;kg;2023-12-26 16:47:31.842
ARCOR;Chupetines Mr. Pops Frutal 125 Gr;473.0;;;3784.0;1;kg;2023-12-26 16:47:31.842
ROSAMONTE;Yerba Mate Rosamonte Con Palo Suave 1 Kg;2695.16;;;2695.16;1;kg;2023-12-26 16:47:31.842
CUISINE & CO NBE MP;Leche En Polvo Descremada C & C 400gr;2401.82;;;6004.55;1;kg;2023-12-26 16:47:31.842
HILERET;Endulzante Hileret Sweet X 400 Ml;1954.16;;;4885.4;1;lt;2023-12-26 16:47:31.842
KNORR;Salsa Para Pizza Knorr 340 G;473.0;;;1391.18;1;kg;2023-12-26 16:47:31.842
MORIXE;Bizcochuelo Morixe Vainilla 540 Gr;806.0;;;1492.59;1;kg;2023-12-26 16:47:31.842
BIMBO;Vainillas Bimbo X 6u;379.0;;;5053.33;1;kg;2023-12-26 16:47:31.842
9 DE ORO;Cookies 9 De Oro Chips Colores 120gr;397.0;;;3308.33;1;kg;2023-12-26 16:47:31.842
WAKAS;Pasta Multicereal Wakas Con Chia 250gr;1683.0;;;6732.0;1;kg;2023-12-26 16:47:31.842
KNORR;Bolsas Para Horno Knorr Cebolla Y Ajo 21g;420.0;;;2000.0;100;gr;2023-12-26 16:47:31.842
BARILOCHE;Turron Bariloche Mani Con Miel Blando Tableta 120 Gr;805.0;;Llevando 2: $402.50 c/u;8050.0;1;kg;2023-12-26 16:47:31.842
CROWIE;Barrita De Arroz Crowie Chocolate Blanco 3 U;683.0;;;5691.67;100;gr;2023-12-26 16:47:31.842
PITUSAS;Galletitas Pitusas Mini Black X130g;618.34;;;4756.46;1;kg;2023-12-26 16:47:31.842
ROMANCE;Yerba Mate Romance Con Palo Original X1kg;3100.0;;;3100.0;1;kg;2023-12-26 16:47:31.842
9 DE ORO;Galletas Rellenas 9 De Galleta 9 De Oro Chocolate Rellena Chocolate X120gr;357.0;;;2975.0;1;kg;2023-12-26 16:47:31.842
CRIOLLITAS;Tostadas Crio Arroz 110g;924.0;;;8400.0;1;kg;2023-12-26 16:47:31.842
KINDER;Huevo Kinder Joy T2 Box Cr Lei 40g;1184.27;;;2960.68;100;gr;2023-12-26 16:47:31.842
LA TRANQUERA;Mate Cocido La Tranquera Trad X125g;1362.13;;;10897.04;1;kg;2023-12-26 16:47:31.842
TARAGUI;Té Taragui Diamantado 25 Saq;397.87;;;795.74;100;gr;2023-12-26 16:47:31.842
ALICANTE;Oregano Alicante St X25gr;721.0;;;2884.0;100;gr;2023-12-26 16:47:31.842
OLIOVITA;Aceite De Oliva Oliovita Clásico 250 Ml;4946.28;;;19785.12;1;lt;2023-12-26 16:47:31.842
KRACH-ITOS;Chizitos Krach-itos Sabor Queso X170g;1345.0;;;7911.76;1;kg;2023-12-26 16:47:31.842
ALICANTE;Azafran Alicante St 2/2dg;2392.0;;;1196.0;1;un;2023-12-26 16:47:31.842
STANI;Palitos De La Selva 660gr;5139.94;;;7787.79;1;kg;2023-12-26 16:47:31.842
9 DE ORO;Galleta 9 De Oro Chocolate Rellena Limon X 120 Gr;357.0;;;2975.0;1;kg;2023-12-26 16:47:31.842
Crisppino;Galletitas Snack Crisppino Mini Crema Y Ciboulette 50 Gr;401.77;;;803.54;100;gr;2023-12-26 16:47:31.842
GALLO;Arroz Preparado Gallo Verdeo X240gr;617.0;;;2570.83;1;kg;2023-12-26 16:47:31.842
9 DE ORO;Bizcochos 9 De Oro Light 170 Gr;1037.0;;;6100.0;1;kg;2023-12-26 16:47:31.842
AMANDA;Yerba Mate Amanada Serranas X500gg;1152.0;;;2304.0;1;kg;2023-12-26 16:47:31.842
9 DE ORO;Galleta 9 De Oro Vainilla Relleno Limon X120gr;396.0;;;3300.0;1;kg;2023-12-26 16:47:31.842
SERENATA;Turrón De Maní Serenata - 70 Gr;229.0;;Llevando 2: $114.50 c/u;3271.43;1;kg;2023-12-26 16:47:31.842
MAGGI;Pure De Papas Maggi Cremoso Orig X125g;963.04;;;7704.32;1;kg;2023-12-26 16:47:31.842
BARILOCHE;Mani Con Chocolate Bariloche Bolsa 120 Gr.;1322.0;;Llevando 2: $661.00 c/u;11016.67;1;kg;2023-12-26 16:47:31.842
CUISINE & CO NBE MP;Yerba Mate Cuisine & Co 1 Kg;2544.81;;;2544.81;1;kg;2023-12-26 16:47:31.842
CACHAFAZ;Alfajores De Chocolate Con Leche Cachafaz Relleno 294 Gr 6 U;5864.0;;;19945.58;1;kg;2023-12-26 16:47:31.842
CUISINE & CO NBE MP;Leche En Polvo Entera Cuisine&co;2401.82;;;6004.55;1;kg;2023-12-26 16:47:31.842
NESCAFE;Nescafe Dolca Chocomocha X125g;1098.99;;;8791.92;1;kg;2023-12-26 16:47:31.842
KRACH-ITOS;Papas Krach-itos Tradicionales X115g;1331.0;;;11573.91;1;kg;2023-12-26 16:47:31.842
LA CAMPAGNOLA;Mermelada La Campagnola B.c +f Damasco X390g;1201.0;;;3079.49;1;kg;2023-12-26 16:47:31.842
EXQUISITA;Bizcochuelo Exquisita Vainilla Ft X540g;2152.0;;;3985.19;1;kg;2023-12-26 16:47:31.842
LA ESPAÑOLA;Aceite De Oliva La Española Extra Virgen 250 Ml;6136.0;;;24544.0;1;lt;2023-12-26 16:47:31.842
MANTECOL;Postre Mantecol Marmolado 111g;1528.0;;;13765.77;1;kg;2023-12-26 16:47:31.842
ARCOR;Mermelada Arcor Light +f Naranja X390g;946.0;;;2425.64;1;kg;2023-12-26 16:47:31.842
AZAIT;Aceite De Oliva Azait 250 Ml;3056.38;;;12225.52;1;lt;2023-12-26 16:47:31.842
DOS HERMANOS;Arroz Dos Hermanos Yamani;2010.85;;;4021.7;1;kg;2023-12-26 16:47:31.842
PITUSAS;Galletas Pitusas Mini Vainilla X 160 Gr;651.05;;;4069.06;1;kg;2023-12-26 16:47:31.842
HILERET;Endulzante Hileret Stevia X 100 Sobrecitos;2490.05;;;31125.63;1;kg;2023-12-26 16:47:31.842
AGUILA;Alfajor Aguila Minitorta Blanco X69g;603.0;;;873.91;1;kg;2023-12-26 16:47:31.842
WAKAS;Pasta Multicereal Wakas 250 Gr;1683.0;;;6732.0;1;kg;2023-12-26 16:47:31.842
ALICANTE;Canela Alicante St X25g;864.0;;;3456.0;100;gr;2023-12-26 16:47:31.842
CUISINE & CO NBE MP;Miss Hojaldre - Larguitas Cuisine & Co;649.0;;;4326.67;1;kg;2023-12-26 16:47:31.842
LASFOR;Almohaditas Lasfor Avellana 200 Grs;1102.77;;;5513.85;1;kg;2023-12-26 16:47:31.842
9 DE ORO;Budin 9 De Oro Marmolado 170gr;431.4;719.0;-40%;4229.41;1;kg;2023-12-26 16:47:31.842
CACHAMAI;Té Cachamai Hierbas Digestivas En Saquitos X 20 Un;423.56;;;1411.87;100;gr;2023-12-26 16:47:31.842
COCINERO;Aceite Oliva Cocinero Extra Virgen Suave 500ml;8322.0;;;16644.0;1;lt;2023-12-26 16:47:31.842
CANARIAS;Yerba Canarias Serena 1kg;8387.04;;;8387.04;1;kg;2023-12-26 16:47:31.842
MANI KING;Mani King Chef Sabor Crema Y Cebolla X80gr;;;;5896.63;1;kg;2023-12-26 16:47:31.842
LA VIRGINIA;Te La Virginia Naturalidad Intacta X25s;345.0;;;13.8;1;un;2023-12-26 16:47:31.842
BONAFIDE;Café Bonafide Molido Sensaciones 250 Gr;1520.93;;;6083.72;1;kg;2023-12-26 16:47:31.842
HELLMANN´S;Mayonesa Hellmanns Tipo Casera X445g;1068.0;;;2136.0;1;kg;2023-12-26 16:47:31.842
CUISINE & CO NBE MP;Choclo cuisine&co 170gr;1012.0;;;5952.94;1;kg;2023-12-26 16:47:31.842
ALICANTE;Comino Alicante St X25g;624.0;;;2496.0;100;gr;2023-12-26 16:47:31.842
VALENTE;Vainillas Valente X 12u;612.0;;;4135.14;1;kg;2023-12-26 16:47:31.842
TARAGUI;Té Taragui Frutas Rojas 20 Saquitos;693.35;;;1733.38;100;gr;2023-12-26 16:47:31.842
INTEGRA;Barra Integra Avena Banana 40g;561.0;;;1402.5;100;gr;2023-12-26 16:47:31.842
KHUNE;Pepinos Gherkins Kuhne 670gr;5512.0;;;8226.87;1;kg;2023-12-26 16:47:31.842
GIACOMO;Capelettini Giacomo Queso Jamon 500g;1822.0;;;3644.0;1;kg;2023-12-26 16:47:31.842
GALLO;Arroz Integral Organico 500grs.;1235.49;;;2470.98;1;kg;2023-12-26 16:47:31.842
NUTELLA;Nutella 140gr;904.34;;;6459.57;1;kg;2023-12-26 16:47:31.842
MILKA;Chocolate Con Almendras Milka 155g;2428.0;;;15664.52;1;kg;2023-12-26 16:47:31.842
HILERET;Endulzante Hileret Stevia X 50 Sobrecitos;1434.44;;;3586.1;100;gr;2023-12-26 16:47:31.842
CRIOLLITAS;Tostadas Criollitas Sin Sal 195gr;698.0;;;3579.49;1;kg;2023-12-26 16:47:31.842
CUISINE & CO NBE MP;Bolitas De Chocolate 200gr Cuisine&co  s/tacc;803.71;;;4018.55;1;kg;2023-12-26 16:47:31.842
MOGUL;Gomitas Mogul Eucaliptus 220g;1092.0;;;4963.64;1;kg;2023-12-26 16:47:31.842
CACHAFAZ;Galletitas Cachafaz;803.0;;;4723.53;1;kg;2023-12-26 16:47:31.842
INALPA;Lentejas Inalpa Secas X300g;555.91;;;1853.03;1;kg;2023-12-26 16:47:31.842
EXQUISITA;Budín Exquisita Vainilla X300g;900.0;;;3000.0;1;kg;2023-12-26 16:47:31.842
ARCOR;Surtido Arcor Seleccion 247g;3760.0;;;15222.67;1;kg;2023-12-26 16:47:31.842
9 DE ORO;Galletas 9 De Oro Anillitos Chocolate 120 Gr;178.0;;;1483.33;1;kg;2023-12-26 16:47:31.842
ROYAL;Mousse Royal Chocolate 65g;380.0;;;5846.15;1;kg;2023-12-26 16:47:31.842
CHOCOARROZ;Alfajor Chocoarroz Marroc 22g;520.0;;;2363.64;100;gr;2023-12-26 16:47:31.842
LAVAZZA;Café Molido Lavazza Crema E Gusto X250gr;6621.54;;;26486.16;1;kg;2023-12-26 16:47:31.842
GALLO;Oblea De Arroz Gallo Snacks 6u;2265.0;;;377.5;1;un;2023-12-26 16:47:31.842
BIMBO;Madalenas Vainilla Bimbo X 200g;777.0;;;3885.0;1;kg;2023-12-26 16:47:31.842
VAUQUITA;Tableta Vauquita Light 22 Gr;248.65;;;1130.23;100;gr;2023-12-26 16:47:31.842
MOGUL;Gomitas Mogul Frutillas Acidas X500gr;2744.0;;;5488.0;1;kg;2023-12-26 16:47:31.842
PEHUAMAR;Mani Pehuamar C/piel 150g;916.0;;;6106.67;1;kg;2023-12-26 16:47:31.842
ARCOR;Cereales Guardianes Cocodrilo X145g;468.0;;;3342.86;1;kg;2023-12-26 16:47:31.842
GALLO;Risotto Gallo 4 Quesos X240g;1895.0;;;7895.83;1;kg;2023-12-26 16:47:31.842
JUMBO MP;Té Negro Jumbo - 100 Saquitos;617.5;;;3087.5;1;kg;2023-12-26 16:47:31.842
KANSAS;Ketchup Kansas 465gr;1558.96;;;3352.6;1;kg;2023-12-26 16:47:31.842
DON SATUR;Budin Don Satur Vainilla X190gr;426.0;710.0;-40%;3736.84;1;kg;2023-12-26 16:47:31.842
KNORR;Caldo Knorr De Verduras X 6 Cubos;366.0;;;6421.05;1;kg;2023-12-26 16:47:31.842
CUISINE & CO NBE MP;Galletitas Mini Marineras Con Semillas 2;479.56;;;2179.82;1;kg;2023-12-26 16:47:31.842
TARAGUI;Té Taragui Internacional 25 Saquitos;783.08;;;1566.16;100;gr;2023-12-26 16:47:31.842
ROSAMONTE;Yerba Rosamonte 55edicion 1kg;3312.13;;;3312.13;1;kg;2023-12-26 16:47:31.842
DANICA;Ketchup Danica X220g;377.23;;;1714.68;1;kg;2023-12-26 16:47:31.842
SANTA MARIA;Galletitas Santa María Marmoladas 200 Gr;1040.0;;;5200.0;1;kg;2023-12-26 16:47:31.842
ARCOR;Mermelada Arcor Light +f Ciruela X390g;945.0;;;2423.08;1;kg;2023-12-26 16:47:31.842
CABRALES;Capulas Cabrales Colombia X55g;4980.66;;;90557.45;1;kg;2023-12-26 16:47:31.842
BIMBO;Budin Bimbo Marmolado X170g;411.6;686.0;-40%;4035.29;1;kg;2023-12-26 16:47:31.842
OLIOVITA;Aceite De Oliva Oliovita Mediterráneo 500 Ml;6955.69;;;13911.38;1;lt;2023-12-26 16:47:31.842
Nuestros Sabores;Chips De Papa C/sal Mar Nuestros Sabores;962.0;;;1202.5;1;kg;2023-12-26 16:47:31.842
CBSE;Yerba Mate Cbsé Guaraná X500g;1555.85;;;3111.7;1;kg;2023-12-26 16:47:31.842
DOS HERMANOS;Galletas De Arroz Dos Hermanos Sin Sal 120 Gr;440.29;;;3669.08;1;kg;2023-12-26 16:47:31.842
LASFOR;Granola Lasfor Almendras Y Pasas X350gr;2344.94;;;6699.83;1;kg;2023-12-26 16:47:31.842
ARCOR;Caramelos Butter Toffees Chocolate 140g;1003.0;;;7164.29;1;kg;2023-12-26 16:47:31.842
ARCOR;Gomitas Mogul Conitos Yogus 500g;2252.0;;;4504.0;1;kg;2023-12-26 16:47:31.842
LA CAMPAGNOLA;Mayonesa La Campagnola X500gr;816.0;;;1632.0;1;kg;2023-12-26 16:47:31.842
CADBURY;Chocolate Con Almendras Cadbury 82g;1199.0;;;14621.95;1;kg;2023-12-26 16:47:31.842
EQUALSWEET;Endulzante Equalsweet En Polvo Sobres 80 Gr;1816.62;;;22707.75;1;kg;2023-12-26 16:47:31.842
LA CAMPAGNOLA;Pimenton La Campagnola X48g;662.0;;;1379.17;100;gr;2023-12-26 16:47:31.842
SCOTTI;Arroz Scotti Carnaroli 500 Gr;6109.0;;;12218.0;1;kg;2023-12-26 16:47:31.842
OLIOVITA;Aceite De Oliva Oliovita Clasica 1 L;16980.65;;;16980.65;1;lt;2023-12-26 16:47:31.842
BON O BON;Superbolls Bon O Bon X80g;1500.0;;Llevando 2: $750.00 c/u;18750.0;1;kg;2023-12-26 16:47:31.842
ROSAMONTE;Yerba Mate Rosamonte Con Palo Paquete 1 Kg;2856.0;;;2856.0;1;kg;2023-12-26 16:47:31.842
NESCAFE;Nescafé® Dolca Cookies & Cream X 125gr;992.39;;Llevando 2: $645,05 c/u;7939.12;1;kg;2023-12-26 16:47:31.842
PASEO;Galletitas Paseo Crackers Zapallo 150 Gr;395.0;;;2633.33;1;kg;2023-12-26 16:47:31.842
BAMBOO;Pochoclo Orgánico Sal Marina Bamboo 60g;632.32;;;1053.87;1;kg;2023-12-26 16:47:31.842
CRUZ DE MALTA;Cruz De Malta Selección X 1kg;3350.0;;;3350.0;1;kg;2023-12-26 16:47:31.842
EL BROCAL;Mermelada El Brocal Naranja 420 Gr;3118.96;;;7426.1;1;kg;2023-12-26 16:47:31.842
ROYAL;Flan Royal Vainilla 60g;295.0;;;1843.75;100;gr;2023-12-26 16:47:31.842
NUCETE;Aceite Nucete Rocio Vegetal De Oliva 120 Gr;2266.95;;;18891.25;1;kg;2023-12-26 16:47:31.842
TARAGUI;Té Taragui Boldo 25 Saquitos;477.0;;;1272.0;100;gr;2023-12-26 16:47:31.842
CUISINE & CO NBE MP;Budin Marmolado 170gr Cuisine&co;535.39;892.32;-40%;5248.94;1;kg;2023-12-26 16:47:31.842
ALICANTE;Condimento Alicante Pizza X50gr;973.0;;;1946.0;100;gr;2023-12-26 16:47:31.842
ARCOR;Salsa Arcor Rosa X340g;466.0;;;1370.59;1;kg;2023-12-26 16:47:31.842
OLIOVITA;Aceite De Oliva Oliovita Gourmet X500ml;9542.94;;;19085.88;1;lt;2023-12-26 16:47:31.842
AGUILA;Aguila Baño De Reposteria Sin Amargo150g;733.0;;;4886.67;1;kg;2023-12-26 16:47:31.842
NESTLE;Nestlé® Diplomata Chocolate Con Castañas X 80 Gr;592.94;741.18;-20%;9264.75;1;kg;2023-12-26 16:47:31.842
NESTLE;Nestlé® Classic Duo Chocolate X 80gr;706.34;882.92;-20%;11036.5;1;kg;2023-12-26 16:47:31.842
BON O BON;Barra De Mani Bon O Bon Postre X95g;1121.0;;;11800.0;1;kg;2023-12-26 16:47:31.842
LA PARMESANA;Esencia De Vainilla La Parmesana 110 Ml;430.76;;;3916.0;1;lt;2023-12-26 16:47:31.842
BARILOCHE;Turron Bariloche Mani Crocante Tableta 100 Gr;862.0;;Llevando 2: $431.00 c/u;8620.0;1;kg;2023-12-26 16:47:31.842
ARCOR;Garrapiñadas Arcor De Almendra Paquete 80 Gr;2419.0;;Llevando 2: $1209.50 c/u;24190.0;1;kg;2023-12-26 16:47:31.842
ARLISTAN;Café Arlistan Suave Mas Aroma X170g;3876.0;;;22800.0;1;kg;2023-12-26 16:47:31.842
BIMBO;Madalenas Chocolate Rellenas Con Ddl Bimbo | 180g;777.0;;;4089.47;1;kg;2023-12-26 16:47:31.842
EXQUISITA;Gelatina Exquisita Light Frutilla 25gr;208.39;;;833.56;100;gr;2023-12-26 16:47:31.842
BAMBOO;Pochoclo Sweet & Salty Bamboo 80g;632.32;;;790.4;1;kg;2023-12-26 16:47:31.842
CRAZY;Chupetin Crazy Pop Frutilla X 12 Gr;442.0;;;3683.33;100;gr;2023-12-26 16:47:31.842
TRIO;Pepas Alemanas Trio 300gr;794.92;;;2649.73;1;kg;2023-12-26 16:47:31.842
GEORGALOS;Flynn Bolsa Surtida 128 Grs;472.61;;;3692.27;1;kg;2023-12-26 16:47:31.842
NIDINA;Nidina® 2 Leche En Polvo X 800gr;7558.39;;;9447.99;1;kg;2023-12-26 16:47:31.842
DOS ANCLAS;Pimienta Negra Dos Anclas En Grano 50 Gr;1267.0;;;2534.0;100;gr;2023-12-26 16:47:31.842
HELLMANN´S;Aderezo Hellmanns Vegana X500g;816.0;;;1632.0;1;kg;2023-12-26 16:47:31.842
MANI KING;Mani King Chef Sabor Limon Y Pimienta X80gr;306.63;471.74;-35%;5896.75;1;kg;2023-12-26 16:47:31.842
TRIX;Trix® Cereal X 230gr;1263.32;;;5492.7;1;kg;2023-12-26 16:47:31.842
PATAGONIA BERRIES;Dulce Patagonia Berries Frutilla 350 Gr;2250.76;3462.7;-35%;9893.43;1;kg;2023-12-26 16:47:31.842
DON VICENTE;Fideos Don Vicente Tallarín X500g;1683.0;;;3366.0;1;kg;2023-12-26 16:47:31.842
LA PARMESANA;Salsa De Soja La Parmesana 300 Gr;1077.88;;;3592.93;1;kg;2023-12-26 16:47:31.842
Crisppino;Snack Crisppino Mini Oliva Y Hierbas Bolsa X 50gr;401.77;;;803.54;100;gr;2023-12-26 16:47:31.842
CUISINE & CO NBE MP;Anillitos Frutales 200gr Cuisine&co S/tacc;755.96;;;3779.8;1;kg;2023-12-26 16:47:31.842
AMANDA;Yerba Amanda Con Palo;1384.0;;;2768.0;1;kg;2023-12-26 16:47:31.842
LASFOR;Almohaditas Lasfor Crema Frutilla 200 Grs;1102.77;;;5513.85;1;kg;2023-12-26 16:47:31.842
SNUKS;Almohaditas Snuks Rellenas Avellana X240gr;1560.0;;;6500.0;1;kg;2023-12-26 16:47:31.842
GEORGALOS;Postre Nucrem Georgalos - 84 Gr;505.0;;$595;7083.33;1;kg;2023-12-26 16:47:31.842
FRUTTY;Snack Frutty Manzana Roja Deshidratada X18g;277.35;;;1540.83;100;gr;2023-12-26 16:47:31.842
BONAFIDE;Turron De Maní Bonafide Crocante X100 Grs;711.0;;Llevando 2: $355.50 c/u;7110.0;1;kg;2023-12-26 16:47:31.842
MANTECADAS;Galletitas Mini Mantecadas 170 Grs;533.89;;;3140.53;1;kg;2023-12-26 16:47:31.842
MILKA;Chocolate Con Castañas Milka 155g;2272.0;;;14658.06;1;kg;2023-12-26 16:47:31.842
CUISINE & CO NBE MP;Aceite De Oliva Organico 250ml Cuisine & Co;6629.72;;;26518.88;1;lt;2023-12-26 16:47:31.842
LA BLANCA;Paté La Blanca 90 Gr;278.0;;;3088.89;1;kg;2023-12-26 16:47:31.842
CUISINE & CO NBE MP;Sopa Instantánea Sabor Carne 65 Gr C&co;1341.0;;;20630.77;1;kg;2023-12-26 16:47:31.842
FLYNN PAFF;Gomitas Flynn Paff Tutti Frutti;182.83;;;609.43;100;gr;2023-12-26 16:47:31.842
CACHAFAZ;Alfajores Chocolate Blanco Cachafaz 6 Unidades 360 Gr;5864.0;;;16288.89;1;kg;2023-12-26 16:47:31.842
KELLOGG´S;Cereal Kellogs Choco Krispis 240g;1620.69;;;6752.88;1;kg;2023-12-26 16:47:31.842
BON O BON;Obleas Bon O Bon Bañadas En Chocolate Blanco 30 Gr;443.0;;;1476.67;100;gr;2023-12-26 16:47:31.842
CUISINE & CO NBE MP;Yerba Mate Con Hierbas C&co 0,5kg;1269.36;;;2538.72;1;kg;2023-12-26 16:47:31.842
KNORR;Salsa De Tomate Deshidratado Knorr X60g;488.0;;;8133.33;1;kg;2023-12-26 16:47:31.842
ALICANTE;Laurel Alicante Hoja X10g;864.0;;;8640.0;100;gr;2023-12-26 16:47:31.842
LA LECHERA;La Lechera® Nutrifuerza X 400gr;2064.66;2580.83;-20%;6452.08;1;kg;2023-12-26 16:47:31.842
PATAGONIA BERRIES;Dulce Patagonia Berries Frutos Del Bosque 350 Gr;2866.19;4409.53;-35%;12598.66;1;kg;2023-12-26 16:47:31.842
AGUILA;Relleno Aguila Nut Avellanas 290g;1492.0;;;5144.83;1;kg;2023-12-26 16:47:31.842
LA VIRGINIA;Saborizador Alicante Panceta Y Hierb 4s;721.0;;;180.25;1;un;2023-12-26 16:47:31.842
DONUTS;Galletitas Donuts Choco Blanco X52g;757.0;;;14557.69;1;kg;2023-12-26 16:47:31.842
GREEN HILLS;Te Green Hills Frutilla X20 Saquitos;996.0;;;2490.0;100;gr;2023-12-26 16:47:31.842
VAUQUITA;Tableta Vauquita Light 4 U;999.52;;;11358.18;1;kg;2023-12-26 16:47:31.842
CBSE;Yerba Mate Cbse Jengibre X500;1555.85;;;3111.7;1;kg;2023-12-26 16:47:31.842
LA TRANQUERA;Yerba la Tranquera suave selección especial x500gr;1824.0;;;3648.0;1;kg;2023-12-26 16:47:31.842
CADBURY;Chocolate Cadbury Intense 25g;395.0;;;1580.0;100;gr;2023-12-26 16:47:31.842
FLYNN PAFF;Gomitas Flynn Paff Surtidas;195.62;;;652.07;100;gr;2023-12-26 16:47:31.842
VERDEFLOR;Yerba Verdeflor Cedron 500grs;940.97;1447.65;-35%;2895.3;1;kg;2023-12-26 16:47:31.842
9 DE ORO;Galleta 9 De Oro Vainilla Relleno Chocolate X 120 Gr;396.0;;;3300.0;1;kg;2023-12-26 16:47:31.842
ARCOR;Turrón Arcor De Maní X 80 Gr.;833.0;;Llevando 2: $416.50 c/u;10412.5;1;kg;2023-12-26 16:47:31.842
GALLO;Risotto Gallo Primavera X240g;2496.0;;;10400.0;1;kg;2023-12-26 16:47:31.842
CUISINE & CO NBE MP;Aceite De Oliva Extra Virgen Cuisine & Co 500;8616.02;;;17232.04;1;lt;2023-12-26 16:47:31.842
MAGGI;Maggi® Caldo Carne X 12u.;359.69;;;3155.18;1;kg;2023-12-26 16:47:31.842
PASEO;Galletitas De Agua Paseo Crackers 300 Gr;978.0;;;3260.0;1;kg;2023-12-26 16:47:31.842
CEREAL MIX;Barra Cereal Mix Placeres Chocolate 23 Gr;227.0;;;986.96;100;gr;2023-12-26 16:47:31.842
MUTTI;Pure De Tomate Mutti Passata 700 Gr;6566.25;;;9380.36;1;kg;2023-12-26 16:47:31.842
RONDA;Galletas Ronda Triangulitos X150g;425.0;;;2833.33;1;kg;2023-12-26 16:47:31.842
QUAKER;Barra Quaker Mousse De Chocolate 180 Gr;1270.65;;;8145.19;1;kg;2023-12-26 16:47:31.842
BON BON;Bon O Bon Chocolinas 270 Gr;3302.0;;;12229.63;1;kg;2023-12-26 16:47:31.842
TODDY;Alfajor Toddy Negro Con Ddl X60g;452.58;;;754.3;1;kg;2023-12-26 16:47:31.842
CUISINE & CO NBE MP;Galletitas Chocofest Cuisine & Co 170 Gr;713.0;;;4194.12;1;kg;2023-12-26 16:47:31.842
LA PARMESANA;Albahaca La Parmesana 20 Gr;236.22;;;1181.1;100;gr;2023-12-26 16:47:31.842
TARAGUI;Yerba Mate Taragui 4flex Sin Palo 1kg;3019.44;;;3019.44;1;kg;2023-12-26 16:47:31.842
NESCAFE;Café Nescafe Dolca Cortado Mix X125g;954.59;;;7636.72;1;kg;2023-12-26 16:47:31.842
NESCAFE;Nescafé® Dolca Suave X 170gr;4263.95;;Llevando 2: $2131.97 c/u;25082.06;1;kg;2023-12-26 16:47:31.842
CUISINE & CO NBE MP;Galletitas Mini Marineras Light 220 Gr C;479.56;;;2179.82;1;kg;2023-12-26 16:47:31.842
